gap_rank,symbol,valid_sessions,median_abs_gap_pct,p75_abs_gap_pct,p90_abs_gap_pct,p95_abs_gap_pct,p99_abs_gap_pct,mean_abs_gap_pct,gap_up_0.5_rate,gap_down_0.5_rate,gap_up_0.75_rate,gap_down_0.75_rate,gap_up_1_rate,gap_down_1_rate,large_gap_0.5_rate,large_gap_0.75_rate,large_gap_1_rate,max_abs_gap_pct,gap_burden_rank
1,CASTROLIND,245,0.0017682992176615,0.0036136824909658,0.00586144555360814,0.008365213279125056,0.020818063523085562,0.0028548966146844344,0.0,0.0,0.0,0.0,0.0,0.0,0.0,0.0,0.0,0.0300067256454031,0.1265
2,HINDUNILVR,244,0.0023122426861491,0.004546222320539,0.00801462781391695,0.012015786349843358,0.02478527680028105,0.003710221627580308,0.0,0.0,0.0,0.0,0.0,0.0,0.0,0.0,0.0,0.033640293177974,0.14
3,IRCTC,245,0.0021082220660575,0.0044052863436123,0.00801136848526356,0.012516485068216473,0.02742789811927473,0.003571555360613551,0.0,0.0,0.0,0.0,0.0,0.0,0.0,0.0,0.0,0.0333462582396277,0.14150000000000001
4,ITC,245,0.001921087631151,0.0041652204095801,0.007038415119263359,0.012878140736192107,0.020609922700313865,0.0032478490349515153,0.0,0.0,0.0,0.0,0.0,0.0,0.0,0.0,0.0,0.0312576015567986,0.14200000000000002
5,COALINDIA,245,0.0022129653736007,0.0045443380004912,0.00778284328759896,0.01287661284237524,0.030171983461669667,0.00376539000619763,0.0,0.0,0.0,0.0,0.0,0.0,0.0,0.0,0.0,0.0590041675806097,0.14300000000000002
6,COLPAL,245,0.0022292993630572,0.0044943820224718,0.00904585497768302,0.012038382555455774,0.021958097208831955,0.003616422580473123,0.0,0.0,0.0,0.0,0.0,0.0,0.0,0.0,0.0,0.046237915090374,0.1445
7,ACC,245,0.0023204360261184,0.0048384495457234,0.00919143066491246,0.01205445250167908,0.02177150437276088,0.0037795392033898264,0.0,0.0,0.0,0.0,0.0,0.0,0.0,0.0,0.0,0.0268656716417909,0.1505
8,CIPLA,245,0.0025325119780972,0.0052910052910053,0.00907966896886194,0.011897498310791418,0.02591026816438589,0.0041066551607159,0.0,0.0,0.0,0.0,0.0,0.0,0.0,0.0,0.0,0.0384176492963104,0.152
9,GLAXO,245,0.0026522226372804,0.0055863539445628,0.009235197368421,0.011676959206334611,0.01943322805060374,0.003960202642684719,0.0,0.0,0.0,0.0,0.0,0.0,0.0,0.0,0.0,0.0270833333333333,0.1565
10,ABB,245,0.0025277075636788,0.0051595643034587,0.0088832428917227,0.012868791134144433,0.03429818149460863,0.0042908303661568885,0.0,0.0,0.0,0.0,0.0,0.0,0.0,0.0,0.0,0.0496433666191155,0.157
11,TATAPOWER,245,0.001905799074326,0.0044969083754917,0.007787569573283759,0.014121018201464849,0.03469973663145495,0.00399419217425088,0.0,0.0,0.0,0.0,0.0,0.0,0.0,0.0,0.0,0.0670484371271773,0.159
12,HAL,245,0.0023299906343512,0.0049388018037364,0.009512169781916699,0.01228295970895239,0.026620451789700787,0.004011583304807224,0.0,0.0,0.0,0.0,0.0,0.0,0.0,0.0,0.0,0.0367871136264693,0.159
13,NTPC,245,0.0022977941176469,0.0047967684928047,0.00879841870667546,0.013943707538013498,0.027113393741271613,0.00394913426184015,0.0,0.0,0.0,0.0,0.0,0.0,0.0,0.0,0.0,0.0446276665357937,0.1665
14,NESTLEIND,245,0.0028995279838165,0.0056474110362658,0.008401885694000718,0.012106751258533853,0.023879542609863264,0.004110488101091915,0.0,0.0,0.0,0.0,0.0,0.0,0.0,0.0,0.0,0.0316195588358634,0.16999999999999998
15,DIVISLAB,245,0.0029154518950438,0.0062747883738827,0.00901923125462686,0.011374566127252383,0.02070491140169883,0.004116079186706297,0.0,0.0,0.0,0.0,0.0,0.0,0.0,0.0,0.0,0.036487322201608,0.17
16,ARE&M,245,0.0026969013154274,0.0056985294117646,0.008999437835903876,0.013557354649176718,0.0436161244902811,0.004728077882135597,0.0,0.0,0.0,0.0,0.0,0.0,0.0,0.0,0.0,0.0559358036346471,0.173
17,NHPC,245,0.0025412960609911,0.0047593865679533,0.009212005204377779,0.013740663744520876,0.03207270975128376,0.004184137947842885,0.0,0.0,0.0,0.0,0.0,0.0,0.0,0.0,0.0,0.0504657305713887,0.175
18,TORNTPOWER,245,0.0028593346816374,0.0057744027843695,0.00879353411407306,0.013050274544902733,0.03258212861917604,0.004540893172533354,0.0,0.0,0.0,0.0,0.0,0.0,0.0,0.0,0.0,0.0472234647581315,0.178
19,DABUR,245,0.0026732862325761,0.0052418394091017,0.009144850259497959,0.013918952826150554,0.03132858618860116,0.00434664594906579,0.0,0.0,0.0,0.0,0.0,0.0,0.0,0.0,0.0,0.0408990420044215,0.1805
20,SUNPHARMA,245,0.0028389339513326,0.0054149499705709,0.009513514105184698,0.012878451591625534,0.026630142271521526,0.004403137036707335,0.0,0.0,0.0,0.0,0.0,0.0,0.0,0.0,0.0,0.0497268095033458,0.1855
21,DMART,245,0.0026616564897447,0.0053917050691243,0.01015770650385874,0.012334173844002578,0.029325113082508517,0.004405829740931718,0.0,0.0,0.0,0.0,0.0,0.0,0.0,0.0,0.0,0.040207522697795,0.186
22,ZYDUSLIFE,245,0.0029592533576143,0.0056521739130435,0.009244423317261118,0.012396720073854551,0.0284407091305612,0.0044442093020831954,0.0,0.0,0.0,0.0,0.0,0.0,0.0,0.0,0.0,0.0476073499066522,0.188
23,SUPREMEIND,245,0.0028572244921283,0.0058345069410512,0.009786154698961777,0.01245324931784028,0.023717874638864392,0.004501797219643782,0.0,0.0,0.0,0.0,0.0,0.0,0.0,0.0,0.0,0.0547765118317264,0.1895
24,FORTIS,245,0.0031085353003161,0.0061479869423285,0.0090427960197889,0.01163185076314752,0.02188406050474603,0.004300049703382134,0.0,0.0,0.0,0.0,0.0,0.0,0.0,0.0,0.0,0.0385126868450449,0.1905
25,MARICO,245,0.0028365850283658,0.0058395974405167,0.009594610474275478,0.01336462568885394,0.024251320968209433,0.004468306001540475,0.0,0.0,0.0,0.0,0.0,0.0,0.0,0.0,0.0,0.0296023463610941,0.191
26,BOSCHLTD,245,0.0028459140804986,0.0053333333333334,0.009732045488165178,0.013352179464221218,0.023882093536033277,0.00421931574120862,0.0,0.0,0.0,0.0,0.0,0.0,0.0,0.0,0.0,0.0415296052631579,0.1955
27,BRITANNIA,245,0.002276707530648,0.0044130626654897,0.008784515539407999,0.015258422199147574,0.03733686906076674,0.004244790256115129,0.0,0.0,0.0,0.0,0.0,0.0,0.0,0.0,0.0,0.0514624841034336,0.197
28,GRASIM,245,0.003154574132492,0.0052932761087267,0.00853789425682012,0.012308165734832397,0.02727806597959115,0.004421243777748765,0.0,0.0,0.0,0.0,0.0,0.0,0.0,0.0,0.0,0.0343957311796943,0.19924999999999998
29,GLENMARK,245,0.0030408340573413,0.0058716339339947,0.009822412354261779,0.011662885083218952,0.024570694744590473,0.004317969433697312,0.0,0.0,0.0,0.0,0.0,0.0,0.0,0.0,0.0,0.0378732702112163,0.1995
30,LICHSGFIN,245,0.0025285552358532,0.0050338818973862,0.009912696388989058,0.014172520336636648,0.02803486578088284,0.0041351577357969325,0.0,0.0,0.0,0.0,0.0,0.0,0.0,0.0,0.0,0.0313653136531365,0.2
31,RELIANCE,245,0.0030346920477274,0.0056139898044783,0.00909390105732668,0.013269949497552959,0.024193773987206884,0.004578507600116846,0.0,0.0,0.0,0.0,0.0,0.0,0.0,0.0,0.0,0.0626532083633741,0.2005
32,GAIL,245,0.0022779043280183,0.0058419657913755,0.009871167949684475,0.014635592320840753,0.03484422657887971,0.004738717736197516,0.0,0.0,0.0,0.0,0.0,0.0,0.0,0.0,0.0,0.0645301466594242,0.2015
33,TORNTPHARM,245,0.0032479848269322,0.006023416879103,0.008780462791433978,0.01177210990816292,0.02014371226418159,0.004246262078430389,0.0,0.0,0.0,0.0,0.0,0.0,0.0,0.0,0.0,0.0332179930795847,0.202
34,ABBOTINDIA,245,0.0032614604094944,0.0060378590078329,0.0083007789830303,0.010843483718604626,0.01967319090001826,0.004127799753381496,0.0,0.0,0.0,0.0,0.0,0.0,0.0,0.0,0.0,0.0236220472440944,0.2025
35,BAJAJHFL,245,0.0022883295194507,0.0049261083743841,0.009602464675567919,0.0150234741784036,0.04841133446783356,0.004549244566040451,0.0,0.0,0.0,0.0,0.0,0.0,0.0,0.0,0.0,0.0720910220862415,0.20550000000000002
36,YESBANK,245,0.0022172949002217,0.0043956043956043,0.009693916671982319,0.015230824022327352,0.03250231532666142,0.004136378177167312,0.0,0.0,0.0,0.0,0.0,0.0,0.0,0.0,0.0,0.0425179458862505,0.2095
37,UNITDSPR,245,0.0031152647975077,0.0058475203552924,0.009428593718141401,0.01289243017596399,0.026328078421461676,0.004442497987664893,0.0,0.0,0.0,0.0,0.0,0.0,0.0,0.0,0.0,0.0400285918513223,0.21150000000000002
38,TATACONSUM,245,0.0028186943080561,0.0054005400540053,0.009695515855480358,0.014479211530588988,0.023044928086751695,0.004295137256583821,0.0,0.0,0.0,0.0,0.0,0.0,0.0,0.0,0.0,0.0286046303745418,0.212
39,POLYCAB,245,0.0027100271002709,0.0054233536247925,0.010235226969476194,0.01438543506876824,0.02975927482964422,0.00456333707369904,0.0,0.0,0.0,0.0,0.0,0.0,0.0,0.0,0.0,0.0488271561193396,0.218
40,RECLTD,245,0.0028901734104046,0.0059395248380131,0.009508087578753118,0.01472389040504255,0.029837878011903126,0.0045855561694735335,0.0,0.0,0.0,0.0,0.0,0.0,0.0,0.0,0.0,0.0476658476658478,0.2195
41,PAGEIND,245,0.0033557046979866,0.0057668711656442,0.008203475829375079,0.010535752434493692,0.03164992689393867,0.00443473929230661,0.0,0.0,0.0,0.0,0.0,0.0,0.0,0.0,0.0,0.0362121212121211,0.2195
42,BIKAJI,245,0.002766050371233,0.0061111111111111,0.009839801780467438,0.01475062049049526,0.025389538812235025,0.0045887195952151886,0.0,0.0,0.0,0.0,0.0,0.0,0.0,0.0,0.0,0.0437990580847723,0.2205
43,POLYMED,245,0.0032761949335986,0.0060422960725075,0.009014887369269078,0.012822449778971436,0.02419471342676691,0.004597213531889378,0.0,0.0,0.0,0.0,0.0,0.0,0.0,0.0,0.0,0.0668349561245342,0.22149999999999997
44,ICICIPRULI,245,0.0032314193388019,0.0058682727202534,0.00944028104680154,0.012967573295620599,0.0481110283484427,0.00494229102655683,0.0,0.0,0.0,0.0,0.0,0.0,0.0,0.0,0.0,0.0537830446672744,0.2225
45,HDFCLIFE,245,0.0028865708849965,0.0058580289455547,0.010579489134578738,0.013009264109433217,0.025540188947136,0.004411375322160271,0.0,0.0,0.0,0.0,0.0,0.0,0.0,0.0,0.0,0.0331296236732068,0.22349999999999998
46,ICICIGI,245,0.002824858757062,0.0062529557038517,0.010309450193487939,0.014353048272992497,0.03190347908657762,0.004877191664487095,0.0,0.0,0.0,0.0,0.0,0.0,0.0,0.0,0.0,0.0633608815426997,0.228
47,IDFCFIRSTB,245,0.0024526979677645,0.0055248618784531,0.009995777338778456,0.015279326930155452,0.042807958581987694,0.00499649288708409,0.0,0.0,0.0,0.0,0.0,0.0,0.0,0.0,0.0,0.0971771771771772,0.229
48,SBILIFE,245,0.0032825074121134,0.0061555679910464,0.00957469039614486,0.012182321230793939,0.030544334399368062,0.0048513056820678,0.0,0.0,0.0,0.0,0.0,0.0,0.0,0.0,0.0,0.0494457831325301,0.2295
49,BAJAJFINSV,245,0.0030186064924782,0.0057156580211336,0.010375372407522497,0.013196426872346376,0.02732174782404143,0.004643054987658089,0.0,0.0,0.0,0.0,0.0,0.0,0.0,0.0,0.0,0.0443123061013444,0.22999999999999998
50,MRF,245,0.0032320620555914,0.0061039857573665,0.009989424696098159,0.012513969004014237,0.030018757034086782,0.0046991886110302784,0.0,0.0,0.0,0.0,0.0,0.0,0.0,0.0,0.0,0.058779527559055,0.23349999999999999
51,SJVN,245,0.0027318475916606,0.006042668639783,0.010350573702917856,0.014867834739346875,0.034097357517501384,0.004789529744451529,0.0,0.0,0.0,0.0,0.0,0.0,0.0,0.0,0.0,0.0485968514715947,0.236
52,GRANULES,245,0.0032130777903043,0.0061170212765957,0.010380528315547739,0.011995248114274274,0.019583020874211966,0.004599927331876695,0.0,0.0,0.0,0.0,0.0,0.0,0.0,0.0,0.0,0.0650994575045207,0.237
53,IOB,245,0.0027173913043476,0.0058651026392959,0.0104231811548886,0.014877773701303068,0.031882407536576785,0.0048140525876130555,0.0,0.0,0.0,0.0,0.0,0.0,0.0,0.0,0.0,0.0387323943661972,0.24
54,TITAN,245,0.0027631578947369,0.0062593144560356,0.01023622839882854,0.015130368838428507,0.030459394960995687,0.0047332391915918095,0.0,0.0,0.0,0.0,0.0,0.0,0.0,0.0,0.0,0.0457367863092532,0.2415
55,EXIDEIND,245,0.0024882499308819,0.0050761421319797,0.010492422429989918,0.015252321577153996,0.03167562724014322,0.00439820269195685,0.0,0.0,0.0,0.0,0.0,0.0,0.0,0.0,0.0,0.0569677033492821,0.244
56,MAZDOCK,245,0.0031678180222129,0.0057699242697439,0.009864368793859957,0.014134731854423151,0.036701141995259645,0.004804264137886817,0.0,0.0,0.0,0.0,0.0,0.0,0.0,0.0,0.0,0.0598191214470285,0.2445
57,TATAELXSI,245,0.0029438822447103,0.0062130177514793,0.01011011515937176,0.014867263870664494,0.03189391394236973,0.004799391775863784,0.0,0.0,0.0,0.0,0.0,0.0,0.0,0.0,0.0,0.0477088948787062,0.2455
58,NTPCGREEN,245,0.0025208454527827,0.0055504162812209,0.010290404040404058,0.015789582600418097,0.02775940861213295,0.004489667549019343,0.0,0.0,0.0,0.0,0.0,0.0,0.0,0.0,0.0,0.0676633444075304,0.2495
59,PFC,245,0.0029341157642037,0.0056888449171407,0.009276612222936758,0.015935565566554916,0.03394929799287123,0.004766571632677495,0.0,0.0,0.0,0.0,0.0,0.0,0.0,0.0,0.0,0.0459546925566343,0.253
60,HAVELLS,245,0.0033369483607241,0.0063241106719367,0.00940820944383896,0.013847358548977432,0.023511088332236998,0.004638964498964156,0.0,0.0,0.0,0.0,0.0,0.0,0.0,0.0,0.0,0.0389399235834486,0.254
61,PNBHOUSING,245,0.003154574132492,0.006597549481621,0.01030419289531926,0.014256413821872937,0.03333857294242312,0.00494786497932355,0.0,0.0,0.0,0.0,0.0,0.0,0.0,0.0,0.0,0.0473774198885885,0.25925
62,BEL,245,0.0028465075541932,0.0058616647127783,0.010644041480488057,0.014972444522842373,0.027596673084457533,0.004533399234650017,0.0,0.0,0.0,0.0,0.0,0.0,0.0,0.0,0.0,0.0437939641479465,0.26
63,INDHOTEL,245,0.0034341121809978,0.0060224473035861,0.009770501835985339,0.012127943670985637,0.03696905847727192,0.004953564190808443,0.0,0.0,0.0,0.0,0.0,0.0,0.0,0.0,0.0,0.0444366689993001,0.2605
64,IRFC,245,0.0022569444444444,0.0050045122651571,0.010251313984911178,0.01665233726970744,0.04240698241089347,0.004748819268598946,0.0,0.0,0.0,0.0,0.0,0.0,0.0,0.0,0.0,0.0565124830656087,0.261
65,SHREECEM,245,0.0027999999999999,0.0059442934782608,0.0100989254116298,0.016144955747890283,0.025091928958980336,0.004441990398804385,0.0,0.0,0.0,0.0,0.0,0.0,0.0,0.0,0.0,0.0377358490566037,0.2625
66,BATAINDIA,245,0.002945841830954,0.0057306590257879,0.010984238618524298,0.014146078994272598,0.04633460082814622,0.0051355521152424,0.0,0.0,0.0,0.0,0.0,0.0,0.0,0.0,0.0,0.0508083140877597,0.263
67,CLEAN,245,0.0033484676503974,0.0068157359799114,0.00983337482190804,0.01380032428178568,0.03787018990057439,0.0052654120060152045,0.0,0.0,0.0,0.0,0.0,0.0,0.0,0.0,0.0,0.064629258517034,0.26449999999999996
68,LAURUSLABS,245,0.0029498525073745,0.0059815116911365,0.0099500332804147,0.01569050811048127,0.029910635511442022,0.004730437677588206,0.0,0.0,0.0,0.0,0.0,0.0,0.0,0.0,0.0,0.0519704820222954,0.265
69,SOLARINDS,245,0.0033026916937304,0.006017981438515,0.010133464372220118,0.013617559903354138,0.03156602675974401,0.0048683520668567765,0.0,0.0,0.0,0.0,0.0,0.0,0.0,0.0,0.0,0.0451661067562523,0.2665
70,IGL,245,0.0026017344896596,0.0062111801242236,0.010459017970986518,0.016164976604463328,0.030913529788181408,0.004669740244735204,0.0,0.0,0.0,0.0,0.0,0.0,0.0,0.0,0.0,0.0415540540540539,0.267
71,SIEMENS,245,0.0031152647975076,0.0055352480417754,0.009737009963134778,0.015377702119652505,0.028748023239046485,0.004566189860467224,0.0,0.0,0.0,0.0,0.0,0.0,0.0,0.0,0.0,0.0368100159760034,0.267
72,BAYERCROP,243,0.0033112582781457,0.0063479374110952495,0.010192292556612,0.0135128616315302,0.0195925891856409,0.0045724434124015,0.0,0.0,0.0,0.0,0.0,0.0,0.0,0.0,0.0,0.0437158469945355,0.267
73,RADICO,245,0.0033802428256071,0.0058260869565217,0.00989907470570746,0.013389397170522033,0.02598933823042657,0.004723035947631912,0.0,0.0,0.0,0.0,0.0,0.0,0.0,0.0,0.0,0.0530303030303029,0.267
74,SUNDARMFIN,245,0.0031779661016948,0.0064024390243901,0.01033134948627606,0.014514403415624218,0.023963579689935167,0.0046962082260582965,0.0,0.0,0.0,0.0,0.0,0.0,0.0,0.0,0.0,0.0363967242948134,0.2675
75,ULTRACEMCO,245,0.0027440545484782,0.0059454027801038,0.010429831823238776,0.015982956567576635,0.02888632840587253,0.004661390941074438,0.0,0.0,0.0,0.0,0.0,0.0,0.0,0.0,0.0,0.0452003300632621,0.2695
76,SRF,245,0.0031833910034602,0.0061760703443944,0.00954157324465906,0.015447803215311693,0.03582254259364841,0.0051420232041513815,0.0,0.0,0.0,0.0,0.0,0.0,0.0,0.0,0.0,0.0699250802711379,0.272
77,PIIND,245,0.0031189083820661,0.0058588054399405,0.01075497627718646,0.014353878332227255,0.03944903225806446,0.005039972713492673,0.0,0.0,0.0,0.0,0.0,0.0,0.0,0.0,0.0,0.0546083835405717,0.277
78,SBIN,245,0.0027005836745359,0.0063141278610892,0.010941527696648119,0.015587902577312483,0.03762979433018342,0.0048931920548542585,0.0,0.0,0.0,0.0,0.0,0.0,0.0,0.0,0.0,0.0568789499270783,0.278
79,LALPATHLAB,245,0.003107861060329,0.0064999617649308,0.010807384954532956,0.014502485383054455,0.01953669280873239,0.0046053451930618845,0.0,0.0,0.0,0.0,0.0,0.0,0.0,0.0,0.0,0.0278571428571428,0.278
80,ITCHOTELS,245,0.0030243629235506,0.0061494252873561,0.010546914932456998,0.01523103022566593,0.03792063803645296,0.0049570917156834746,0.0,0.0,0.0,0.0,0.0,0.0,0.0,0.0,0.0,0.0526315789473683,0.27949999999999997
81,MSUMI,245,0.0029834553837808,0.0072289156626506,0.0109410493695537,0.014807077965111114,0.039243958175420444,0.0054151929435845535,0.0,0.0,0.0,0.0,0.0,0.0,0.0,0.0,0.0,0.063953488372093,0.28
82,IEX,245,0.0030559473436764,0.006123741817414,0.010324113354827639,0.015491588396731459,0.021757133504898583,0.004566921835689552,0.0,0.0,0.0,0.0,0.0,0.0,0.0,0.0,0.0,0.029373474369406,0.28
83,GICRE,245,0.0030899961375049,0.0062639198218263,0.01057112299465232,0.01502412873082455,0.028083718384235033,0.004804551411773297,0.0,0.0,0.0,0.0,0.0,0.0,0.0,0.0,0.0,0.0364698247890979,0.2825
84,ASTERDM,245,0.0032374100719423,0.005955882352941,0.010825406338779979,0.01404137899449264,0.04114559902200481,0.005109085964884286,0.0,0.0,0.0,0.0,0.0,0.0,0.0,0.0,0.0,0.057621951219512,0.2835
85,BIOCON,245,0.0033574380165288,0.0065851364063969,0.009668163814505318,0.014724295399066676,0.029344416848985776,0.0048538018263127826,0.0,0.0,0.0,0.0,0.0,0.0,0.0,0.0,0.0,0.0377358490566037,0.2835
86,UBL,245,0.0034826217176291,0.0065283122594832,0.010141326021023538,0.012660306804411136,0.022358587130655215,0.004818963021613218,0.0,0.0,0.0,0.0,0.0,0.0,0.0,0.0,0.0,0.0397999130056546,0.28400000000000003
87,APOLLOHOSP,245,0.0031524926686217,0.0064110866468074,0.010745839927563098,0.014608317049082295,0.02575464035181754,0.004788745726349085,0.0,0.0,0.0,0.0,0.0,0.0,0.0,0.0,0.0,0.0433585684790089,0.2845
88,AUROPHARMA,245,0.0033222591362125,0.0056733930758816,0.009970477681488338,0.01468073892195545,0.027462319641431743,0.004818336919648205,0.0,0.0,0.0,0.0,0.0,0.0,0.0,0.0,0.0,0.0441426146010186,0.28675
89,SYNGENE,245,0.0033119658119658,0.0069460523269275,0.0099933658327118,0.014767239971355605,0.03482876434669804,0.005465956310876578,0.0,0.0,0.0,0.0,0.0,0.0,0.0,0.0,0.0,0.0945268323909103,0.28800000000000003
90,ONGC,245,0.0029461998292057,0.0056852546268295,0.01055560423825654,0.015821793652877333,0.024693112012127646,0.004638140086445614,0.0,0.0,0.0,0.0,0.0,0.0,0.0,0.0,0.0,0.0332499106185197,0.289
91,FEDERALBNK,245,0.0028089887640448,0.0052640814177926,0.009911093184533051,0.017408883699382885,0.03227329434547087,0.004555862419224216,0.0,0.0,0.0,0.0,0.0,0.0,0.0,0.0,0.0,0.045705139605193,0.29000000000000004
92,JSL,245,0.0036708860759493,0.0062430461120039,0.009279888221307979,0.013171230654733412,0.03213158660436576,0.0048985257835861,0.0,0.0,0.0,0.0,0.0,0.0,0.0,0.0,0.0,0.0433096315449256,0.29000000000000004
93,NH,245,0.0032894736842106,0.0052434043492659,0.00992782917743028,0.015087355240463172,0.0349098403459151,0.0047869311015179454,0.0,0.0,0.0,0.0,0.0,0.0,0.0,0.0,0.0,0.0443938531587932,0.2905
94,UPL,245,0.0035211267605634,0.0060549604098742,0.00937946448314772,0.014305013118835804,0.027040839482929565,0.004964989160829953,0.0,0.0,0.0,0.0,0.0,0.0,0.0,0.0,0.0,0.0605302651325663,0.29100000000000004
95,JSWENERGY,245,0.0032633081786661,0.0062170706006322,0.01035616690816862,0.014924766761900458,0.03026792690899083,0.004875774032605602,0.0,0.0,0.0,0.0,0.0,0.0,0.0,0.0,0.0,0.036144578313253,0.2915
96,CAPLIPOINT,245,0.0033865505563618,0.0065040650406503,0.010660177016457537,0.013497682454203156,0.03640140682230962,0.005033091687507859,0.0,0.0,0.0,0.0,0.0,0.0,0.0,0.0,0.0,0.0512919825153543,0.296
97,BEML,245,0.0035763728657129,0.0068277310924369,0.010504700423602338,0.012069602459996356,0.03459823452582642,0.005285193759677815,0.0,0.0,0.0,0.0,0.0,0.0,0.0,0.0,0.0,0.0470518165574747,0.3025
98,BAJAJ-AUTO,245,0.0028878112570152,0.005396475770925,0.010538825292411035,0.016914587183341677,0.02622315770392495,0.004678632670676258,0.0,0.0,0.0,0.0,0.0,0.0,0.0,0.0,0.0,0.0484483850538315,0.305
99,LICI,245,0.0024102838778788,0.0050925925925926,0.010708058104771297,0.01777602700691193,0.043478655650022846,0.004909920547325712,0.0,0.0,0.0,0.0,0.0,0.0,0.0,0.0,0.0,0.0763430725730442,0.3105
100,MGL,245,0.0030816640986133,0.0061693774537296,0.010457359788420674,0.016483178718421074,0.027610796164526205,0.004784431841646722,0.0,0.0,0.0,0.0,0.0,0.0,0.0,0.0,0.0,0.0401173143395829,0.312
101,INDIAMART,245,0.0034413965087283,0.0068415051311288,0.0105957591836461,0.01412635555027943,0.02809391318588688,0.005093959973065326,0.0,0.0,0.0,0.0,0.0,0.0,0.0,0.0,0.0,0.0456759184831434,0.313
102,MANKIND,245,0.003349875930521,0.00577743311361,0.01114437929097966,0.0134165748462639,0.02499252792557875,0.00475049629496351,0.0,0.0,0.0,0.0,0.0,0.0,0.0,0.0,0.0,0.0438053097345132,0.3135
103,CESC,245,0.003257328990228,0.0065120065120065,0.010403091359529958,0.015757763402680338,0.035499021526418706,0.005313376229129597,0.0,0.0,0.0,0.0,0.0,0.0,0.0,0.0,0.0,0.0701265822784811,0.3155
104,DATAPATTNS,245,0.0031802120141342,0.0055284704565072,0.0109738713938643,0.01532176143124886,0.05215290392827411,0.005393247307535693,0.0,0.0,0.0,0.0,0.0,0.0,0.0,0.0,0.0,0.0725565514297909,0.317
105,ALKEM,245,0.0037181303116147,0.0066342326404245,0.0102104724004627,0.01309039714411686,0.02007596820793004,0.004958179516386017,0.0,0.0,0.0,0.0,0.0,0.0,0.0,0.0,0.0,0.0360834088848593,0.317
106,JSWSTEEL,245,0.0034995625546807,0.0062611806797854,0.010718964204112759,0.013826154176272086,0.023835035399330667,0.004831980631969184,0.0,0.0,0.0,0.0,0.0,0.0,0.0,0.0,0.0,0.0414414414414414,0.321
107,BLUEDART,244,0.00298890019692175,0.006124677339267675,0.010827418035877187,0.016592015985138077,0.05331520474188073,0.005552598920872044,0.0,0.0,0.0,0.0,0.0,0.0,0.0,0.0,0.0,0.0844548468890189,0.3225
108,GODREJIND,245,0.0034780973867267,0.0068417159763314,0.010656917652349777,0.014165621301134317,0.02696479872831711,0.005038580680253823,0.0,0.0,0.0,0.0,0.0,0.0,0.0,0.0,0.0,0.0374413145539906,0.324
109,EICHERMOT,245,0.0032078103207809,0.0062884483937115,0.010878493370162659,0.015704359769860097,0.03595678208314743,0.005165847200234572,0.0,0.0,0.0,0.0,0.0,0.0,0.0,0.0,0.0,0.0494940779668993,0.3245
110,TATACAP,216,0.0027559105828636,0.006062099303791975,0.011108914153896799,0.017110588849719374,0.02540586248639617,0.004805435112248453,0.0,0.0,0.0,0.0,0.0,0.0,0.0,0.0,0.0,0.0451968973747015,0.3255
111,NMDC,245,0.003284842796809,0.0071942446043165,0.011230245900480438,0.014539637489518075,0.02971090967767494,0.005174838903002671,0.0,0.0,0.0,0.0,0.0,0.0,0.0,0.0,0.0,0.039594626443554,0.3265
112,INDUSINDBK,245,0.0031486493951278,0.0060855908912447,0.011045629996733199,0.015725317586411408,0.030632296349577374,0.004878351209862732,0.0,0.0,0.0,0.0,0.0,0.0,0.0,0.0,0.0,0.0450975006866245,0.3275
113,CONCOR,245,0.003427592116538,0.0066019417475726,0.009599561695727558,0.016095645684842723,0.030179882684752784,0.005025607577380068,0.0,0.0,0.0,0.0,0.0,0.0,0.0,0.0,0.0,0.0436477007014809,0.328
114,HDBFS,245,0.0029655172413792,0.006000521784503,0.01124543687479258,0.01629323538414442,0.028732052666446548,0.005073435792523341,0.0,0.0,0.0,0.0,0.0,0.0,0.0,0.0,0.0,0.113602969607919,0.3325
115,MEDANTA,245,0.003392857142857,0.0064903846153845,0.01125027981512442,0.014012981046499126,0.02610686271494039,0.0049340963868489,0.0,0.0,0.0,0.0,0.0,0.0,0.0,0.0,0.0,0.0395529555574958,0.33299999999999996
116,DRREDDY,245,0.0029094643162759,0.0062945866554763,0.01038556798689482,0.018070165128988715,0.04265517663280689,0.0053434743070459876,0.0,0.0,0.0,0.0,0.0,0.0,0.0,0.0,0.0,0.0706728734659332,0.3335
117,STARHEALTH,245,0.0031500572737686,0.0065268065268065,0.01108289985490444,0.015833265701657398,0.027127710363573566,0.0052020022895623835,0.0,0.0,0.0,0.0,0.0,0.0,0.0,0.0,0.0,0.0931622040274398,0.3335
118,PATANJALI,245,0.0034423407917383,0.0070238095238095,0.011084035236395496,0.014024154589371916,0.023274824022238388,0.005125031150355957,0.0,0.0,0.0,0.0,0.0,0.0,0.0,0.0,0.0,0.0418774023872141,0.3335
119,IPCALAB,245,0.0034864643150123,0.0072036673215454,0.01039464642465448,0.015065040600732016,0.022995006630074234,0.0051764370325623485,0.0,0.0,0.0,0.0,0.0,0.0,0.0,0.0,0.0,0.0420657818811309,0.3375
120,SUNTV,245,0.0036774846005331,0.0074735513927981,0.010752218431803181,0.013370334776327158,0.02324972552229901,0.005179066619431526,0.0,0.0,0.0,0.0,0.0,0.0,0.0,0.0,0.0,0.0455974842767294,0.33899999999999997
121,COROMANDEL,245,0.0032773816378051,0.0060405643738976,0.0098261289734876,0.017410053486240945,0.0249006909184812,0.004795975676869485,0.0,0.0,0.0,0.0,0.0,0.0,0.0,0.0,0.0,0.0277777777777776,0.3395
122,ICICIBANK,245,0.0038097925779596,0.0064821558630736,0.0101041383608747,0.013868637069807468,0.034063793867905215,0.005181473934121886,0.0,0.0,0.0,0.0,0.0,0.0,0.0,0.0,0.0,0.0496794871794872,0.3395
123,KIMS,245,0.00325124515772,0.0069133794225295,0.010691924128280779,0.016459929145191357,0.03342060567779058,0.0052498900934992475,0.0,0.0,0.0,0.0,0.0,0.0,0.0,0.0,0.0,0.0439538317004428,0.33999999999999997
124,BLUESTARCO,245,0.0029761904761904,0.0063458487572711,0.0111743022643496,0.016703151176237514,0.03512858330480702,0.005182035335875964,0.0,0.0,0.0,0.0,0.0,0.0,0.0,0.0,0.0,0.041860465116279,0.3415
125,PFIZER,244,0.00354473361373995,0.0064589992716656,0.01088453202326337,0.014350624900802559,0.028398011832006815,0.004918373346724677,0.0,0.0,0.0,0.0,0.0,0.0,0.0,0.0,0.0,0.0337316561844862,0.34299999999999997
126,GRAPHITE,245,0.0034013605442175,0.0071731810862245,0.011295423193112879,0.014398331725788556,0.02621072834362747,0.0052562230083057805,0.0,0.0,0.0,0.0,0.0,0.0,0.0,0.0,0.0,0.0446304044630404,0.346
127,CHAMBLFERT,245,0.0031004924311508,0.0072031282156821,0.011817771223418578,0.015380218718323135,0.02340473351860096,0.004940834255229177,0.0,0.0,0.0,0.0,0.0,0.0,0.0,0.0,0.0,0.0347199475925319,0.348
128,APLAPOLLO,245,0.0035783099366915,0.0064935064935064,0.009950367530196999,0.015567535141744639,0.03285524150079938,0.005125016613208497,0.0,0.0,0.0,0.0,0.0,0.0,0.0,0.0,0.0,0.0566355499951882,0.348
129,AFFLE,245,0.0030803696443573,0.0064489068316468,0.0117905272480942,0.015557455115210634,0.028641326190855035,0.005088245860251692,0.0,0.0,0.0,0.0,0.0,0.0,0.0,0.0,0.0,0.0377425545525622,0.349
130,DEEPAKNTR,245,0.0032481203007519,0.0064110622250157,0.01178126380002534,0.0148823580862416,0.04468463027274845,0.005455026954396691,0.0,0.0,0.0,0.0,0.0,0.0,0.0,0.0,0.0,0.0745486313337215,0.349
131,GILLETTE,244,0.0033827339743354497,0.006195793056366275,0.011115995158167993,0.015057760480243456,0.026171407009680524,0.004776388322397386,0.0,0.0,0.0,0.0,0.0,0.0,0.0,0.0,0.0,0.0380724174653888,0.35
132,RBLBANK,245,0.0033988473474214,0.0068148148148148,0.011088279569892417,0.015128213207630355,0.027925460909609817,0.005167811119365212,0.0,0.0,0.0,0.0,0.0,0.0,0.0,0.0,0.0,0.04791249422277,0.354
133,CENTRALBK,245,0.0035239902412578,0.0062078272604588,0.010582903379567079,0.015334502687013632,0.0392666112774622,0.005355345711583455,0.0,0.0,0.0,0.0,0.0,0.0,0.0,0.0,0.0,0.0561938061938062,0.35550000000000004
134,ABREL,245,0.0028975741239891,0.0067141239281669,0.011945894968025235,0.01643654564838714,0.043156512450832026,0.005463093851421441,0.0,0.0,0.0,0.0,0.0,0.0,0.0,0.0,0.0,0.069708198239926,0.35750000000000004
135,SARDAEN,245,0.0035680751173707,0.0064829821717991,0.010407118835251479,0.015543025365280119,0.026984601898151023,0.005100015184007027,0.0,0.0,0.0,0.0,0.0,0.0,0.0,0.0,0.0,0.0584905660377358,0.3585
136,BDL,245,0.003253090435914,0.0062064156206416,0.010728230237810877,0.017232144427852696,0.04341737385839766,0.0053240664041056705,0.0,0.0,0.0,0.0,0.0,0.0,0.0,0.0,0.0,0.0635425556676235,0.36
137,WOCKPHARMA,245,0.0032985156679494,0.0065925925925927,0.011003579031330778,0.016304807104784554,0.05150680603136534,0.006297841004888746,0.0,0.0,0.0,0.0,0.0,0.0,0.0,0.0,0.0,0.173827160493827,0.362
138,JINDALSTEL,245,0.003864360931311,0.0063613231552163,0.010617940901802576,0.013504975585286873,0.02270203401270232,0.004900541625249177,0.0,0.0,0.0,0.0,0.0,0.0,0.0,0.0,0.0,0.0296067167476801,0.363
139,PNB,245,0.0029160003762581,0.0056925996204932,0.0102564896605408,0.019499722322602466,0.03709247263204981,0.004917978167935711,0.0,0.0,0.0,0.0,0.0,0.0,0.0,0.0,0.0,0.0423639667208568,0.36450000000000005
140,DLF,245,0.0031301237144134,0.0067063521965187,0.011746520572681218,0.016026298653885118,0.03395554976210646,0.005291801388745072,0.0,0.0,0.0,0.0,0.0,0.0,0.0,0.0,0.0,0.0669585987261145,0.366
141,LUPIN,245,0.0034710743801653,0.0065250453809546,0.011400116600159538,0.014536166404613698,0.017779459000906155,0.0048005457801402925,0.0,0.0,0.0,0.0,0.0,0.0,0.0,0.0,0.0,0.0448952756645064,0.366
142,POWERGRID,245,0.0028030833917309,0.0072463768115942,0.01213200280112038,0.016886345771357766,0.03164102288473916,0.005159265862256471,0.0,0.0,0.0,0.0,0.0,0.0,0.0,0.0,0.0,0.0483333333333333,0.3665
143,BHEL,245,0.0031479538300104,0.006544502617801,0.01098256755074082,0.017506312577686207,0.03127087616099991,0.0052341285117137705,0.0,0.0,0.0,0.0,0.0,0.0,0.0,0.0,0.0,0.0507430228343602,0.3665
144,CREDITACC,245,0.0036115569823435,0.0069664344521849,0.01148616875959982,0.013588673986544992,0.0418613782704097,0.0055603183706359905,0.0,0.0,0.0,0.0,0.0,0.0,0.0,0.0,0.0,0.0583713177767196,0.369
145,HONAUT,244,0.0033754333828628002,0.006903459436408275,0.011898841487691532,0.014612676056337957,0.0300833000429804,0.005209467080505256,0.0,0.0,0.0,0.0,0.0,0.0,0.0,0.0,0.0,0.0447761194029849,0.3695
146,SBICARD,245,0.0032715376226828,0.0058703420112302,0.010764817635649898,0.01745604647178612,0.03131058034434739,0.004976109946524427,0.0,0.0,0.0,0.0,0.0,0.0,0.0,0.0,0.0,0.0416560184002045,0.373
147,LINDEINDIA,244,0.0030259456464253,0.006709979303138824,0.011533774159415823,0.017174923305895474,0.031315594467865145,0.00513433740407521,0.0,0.0,0.0,0.0,0.0,0.0,0.0,0.0,0.0,0.0469745222929935,0.374
148,TATATECH,245,0.0027634838955592,0.0057395143487858,0.01164697259211866,0.018002011843303977,0.02801512278289058,0.00477038747920016,0.0,0.0,0.0,0.0,0.0,0.0,0.0,0.0,0.0,0.0368339768339769,0.377
149,UNOMINDA,245,0.0038610038610038,0.0070988376628442,0.01048052005360744,0.01471156721489731,0.03726498390415518,0.005527132845398666,0.0,0.0,0.0,0.0,0.0,0.0,0.0,0.0,0.0,0.0576271186440677,0.379
150,INDUSTOWER,245,0.0035456657293067,0.0069444444444444,0.010824348753601618,0.01587345442186253,0.030308276096241704,0.0052373306246513325,0.0,0.0,0.0,0.0,0.0,0.0,0.0,0.0,0.0,0.0416666666666667,0.3815
151,ESCORTS,245,0.0032948929159802,0.006754791377137,0.010957666374973078,0.017329089721011198,0.03305517793703919,0.005452502287623059,0.0,0.0,0.0,0.0,0.0,0.0,0.0,0.0,0.0,0.0608168944912825,0.382
152,JKCEMENT,245,0.0037359900373599,0.007154213036566,0.01090954500316102,0.014946344933894557,0.026008149285525868,0.005180943956096403,0.0,0.0,0.0,0.0,0.0,0.0,0.0,0.0,0.0,0.043362831858407,0.3825
153,PIDILITIND,245,0.0032486145614369,0.0064876177188698,0.011464160076209578,0.016788849138857868,0.027506249824455604,0.00517387855543568,0.0,0.0,0.0,0.0,0.0,0.0,0.0,0.0,0.0,0.0770059235325792,0.383
154,DELHIVERY,245,0.0036193314881839,0.0069180986386967,0.011040981749189499,0.015148703465750597,0.03345257384583751,0.005334312147495846,0.0,0.0,0.0,0.0,0.0,0.0,0.0,0.0,0.0,0.0534395198522621,0.383
155,CDSL,245,0.0026092628832354,0.0050420168067226,0.0120217688277274,0.01805928295661052,0.04458121882454997,0.00503133408268675,0.0,0.0,0.0,0.0,0.0,0.0,0.0,0.0,0.0,0.0730056406124093,0.385
156,AARTIIND,245,0.0030895983522141,0.0063559322033898,0.0110640634323876,0.018253227480521432,0.04408132353455664,0.006016293809166082,0.0,0.0,0.0,0.0,0.0,0.0,0.0,0.0,0.0,0.1813333333333333,0.3855
157,CHOLAHLDNG,245,0.0037914102803155,0.0078971639382061,0.01100769306499024,0.014559733646690156,0.03168352960511251,0.005514722561166307,0.0,0.0,0.0,0.0,0.0,0.0,0.0,0.0,0.0,0.0427613363686703,0.38799999999999996
158,IREDA,245,0.0028380295965945,0.0062941953531743,0.011563996916095899,0.018290864149528508,0.03858114167577316,0.005232236776169381,0.0,0.0,0.0,0.0,0.0,0.0,0.0,0.0,0.0,0.0518609406952965,0.3885
159,EIDPARRY,245,0.0032327586206896,0.0068426197458455,0.01165546071604234,0.01670983628465056,0.02366460998340177,0.00500505022398857,0.0,0.0,0.0,0.0,0.0,0.0,0.0,0.0,0.0,0.0255785627283799,0.3885
160,COCHINSHIP,245,0.0024142661179697,0.0048726923340881,0.009656337342368279,0.0255163433287794,0.04810174005281097,0.005201332318194289,0.0,0.0,0.0,0.0,0.0,0.0,0.0,0.0,0.0,0.0808700501952035,0.389
161,JSWDULUX,232,0.0038310177800101,0.007002850089144725,0.01104621182506177,0.014159650587032297,0.02654727561740906,0.00557281814827259,0.0,0.0,0.0,0.0,0.0,0.0,0.0,0.0,0.0,0.1021535063500828,0.389
162,JIOFIN,245,0.0027151211361737,0.005390604945666,0.01152526850830714,0.018927656689763345,0.04065903637598362,0.005066401402924453,0.0,0.0,0.0,0.0,0.0,0.0,0.0,0.0,0.0,0.0607791148276566,0.3915
163,VOLTAS,245,0.0029863481228666,0.0056143205858423,0.011486770983341917,0.01802937314153743,0.02563361462095723,0.004816354425195131,0.0,0.0,0.0,0.0,0.0,0.0,0.0,0.0,0.0,0.0308433734939759,0.3915
164,MAXHEALTH,245,0.0036719706242349,0.0075290896646131,0.011218754269280078,0.015090056331823615,0.030331894585094218,0.0055609000295105075,0.0,0.0,0.0,0.0,0.0,0.0,0.0,0.0,0.0,0.0687250996015936,0.396
165,HYUNDAI,245,0.0032887603903143,0.0067362924281985,0.011512493738581257,0.01680862695305612,0.02955321643990514,0.00519355302300005,0.0,0.0,0.0,0.0,0.0,0.0,0.0,0.0,0.0,0.0397149050295748,0.39649999999999996
166,PAYTM,245,0.0030864197530864,0.0067602704108163,0.011727807900793459,0.01764209717204258,0.04091180728011576,0.005459375911907794,0.0,0.0,0.0,0.0,0.0,0.0,0.0,0.0,0.0,0.0590199479618386,0.397
167,JSWCEMENT,245,0.0032626427406198,0.0069135043785528,0.011511508096738336,0.017113040101850656,0.034122116127388115,0.005277697284435208,0.0,0.0,0.0,0.0,0.0,0.0,0.0,0.0,0.0,0.0428051001821494,0.39749999999999996
168,GESHIP,245,0.0034650034650034,0.0059984813971147,0.01081994461917208,0.017071208579577554,0.03759816035084534,0.005518051638974435,0.0,0.0,0.0,0.0,0.0,0.0,0.0,0.0,0.0,0.1326923076923076,0.39749999999999996
169,CROMPTON,245,0.0034025178632188,0.007246376811594,0.01224413704894484,0.01493109739528741,0.035570428899734,0.005266242513514996,0.0,0.0,0.0,0.0,0.0,0.0,0.0,0.0,0.0,0.0373748002650141,0.399
170,ATUL,244,0.0035440487096468,0.0076603277533637,0.011951078377080718,0.014718800379928777,0.021857655585976393,0.0052428995694801285,0.0,0.0,0.0,0.0,0.0,0.0,0.0,0.0,0.0,0.0527374863754506,0.399
171,3MINDIA,245,0.0038167938931297,0.0081300813008129,0.01136499814745584,0.014108706799765974,0.022378600554389578,0.005578112947416216,0.0,0.0,0.0,0.0,0.0,0.0,0.0,0.0,0.0,0.0725060827250607,0.39949999999999997
172,ANANDRATHI,245,0.0040363269424823,0.0068932038834952,0.01099164811869712,0.013916564820901258,0.024334768754644756,0.007076581200574957,0.0,0.0,0.0,0.0,0.0,0.0,0.0,0.0,0.0,0.4934972537636245,0.3995
173,PTCIL,245,0.0034536891679748,0.0059171597633136,0.011686979150531237,0.015537102643432957,0.03161275605203028,0.005185020608816377,0.0,0.0,0.0,0.0,0.0,0.0,0.0,0.0,0.0,0.0651240903153573,0.401
174,ZEEL,245,0.0028912179255511,0.0056065239551478,0.011743285212892139,0.01840424156213631,0.04336552175596746,0.0055955778717072385,0.0,0.0,0.0,0.0,0.0,0.0,0.0,0.0,0.0,0.098468271334792,0.40149999999999997
175,MARUTI,245,0.0026466165413533,0.0069177555726365,0.012479104203634517,0.017911972297123078,0.0360354912221472,0.0051922728313853785,0.0,0.0,0.0,0.0,0.0,0.0,0.0,0.0,0.0,0.0563624991312807,0.402
176,CUB,245,0.003248670998228,0.0066964285714286,0.01199427262313868,0.016654196884282855,0.04215827059772921,0.0057848615636138315,0.0,0.0,0.0,0.0,0.0,0.0,0.0,0.0,0.0,0.1302325581395349,0.40249999999999997
177,TITAGARH,245,0.0031101353823635,0.0073170731707317,0.01213601634021138,0.017138197046506414,0.03970828836155303,0.00554654313848531,0.0,0.0,0.0,0.0,0.0,0.0,0.0,0.0,0.0,0.0509461426491995,0.40349999999999997
178,AWL,245,0.0032834731849689,0.0067114093959731,0.012721464110278639,0.01502185600988772,0.0332398790005396,0.005342484353535181,0.0,0.0,0.0,0.0,0.0,0.0,0.0,0.0,0.0,0.0655650319829423,0.40349999999999997
179,CCL,245,0.0033898305084746,0.0079267218601373,0.011608522789375759,0.016220325237136138,0.02962264962979288,0.005324001791793492,0.0,0.0,0.0,0.0,0.0,0.0,0.0,0.0,0.0,0.0420475319926874,0.4035
180,EMAMILTD,245,0.0036504187245007,0.0062775330396476,0.01154065336367484,0.014830540645696581,0.027928748919272064,0.005034570973430352,0.0,0.0,0.0,0.0,0.0,0.0,0.0,0.0,0.0,0.0320499032049902,0.404
181,TIINDIA,245,0.0037807183364839,0.0068952488901483,0.010676433353119859,0.015882982947218717,0.04169957661178144,0.005570846905563854,0.0,0.0,0.0,0.0,0.0,0.0,0.0,0.0,0.0,0.0697826086956521,0.40449999999999997
182,GODREJCP,245,0.0030655050016135,0.0063953488372092,0.011347659190124858,0.018789188266140355,0.02787547232736403,0.005277101946556829,0.0,0.0,0.0,0.0,0.0,0.0,0.0,0.0,0.0,0.1013151485630784,0.40800000000000003
183,HEROMOTOCO,245,0.0038174273858919,0.0064604541895066,0.011307807950784418,0.01461235337243391,0.02556772794705008,0.005183806634112469,0.0,0.0,0.0,0.0,0.0,0.0,0.0,0.0,0.0,0.0374468925995454,0.411
184,AXISBANK,245,0.0037881777286719,0.0066219881921175,0.010524733057938059,0.016331903353033722,0.04036517367259063,0.0055581427754976135,0.0,0.0,0.0,0.0,0.0,0.0,0.0,0.0,0.0,0.07164680721051,0.4115
185,KEI,245,0.0037284871231388,0.006984005911377,0.011247205978942059,0.015474863189168256,0.033541134423058803,0.0054576945741556535,0.0,0.0,0.0,0.0,0.0,0.0,0.0,0.0,0.0,0.0498046875,0.41350000000000003
186,PETRONET,245,0.002870470039469,0.0062233285917496,0.011119494094569079,0.020402397452750756,0.035574851237081095,0.005301304356540347,0.0,0.0,0.0,0.0,0.0,0.0,0.0,0.0,0.0,0.0780086240689925,0.414
187,TATACOMM,245,0.0032936407398023,0.0066678573554801,0.01209054282227462,0.016639997037206467,0.031004462931669422,0.005172169914686789,0.0,0.0,0.0,0.0,0.0,0.0,0.0,0.0,0.0,0.0391459074733095,0.41500000000000004
188,CANBK,245,0.0031463748290014,0.0063004225893199,0.011005156511002897,0.01935084850515151,0.040565290569919046,0.005584307228645055,0.0,0.0,0.0,0.0,0.0,0.0,0.0,0.0,0.0,0.0508500772797526,0.4155
189,EIHOTEL,245,0.0033142512805062,0.0072589553416443,0.012296914498807739,0.016021738578446815,0.03311375148548747,0.005457218420750671,0.0,0.0,0.0,0.0,0.0,0.0,0.0,0.0,0.0,0.0448188175460902,0.41800000000000004
190,CRISIL,245,0.0033706109511373,0.0067567567567567,0.01205548545376956,0.016248493001955962,0.0251054228667867,0.004998315416353308,0.0,0.0,0.0,0.0,0.0,0.0,0.0,0.0,0.0,0.0342084327764518,0.41800000000000004
191,FINCABLES,245,0.0035458897228295,0.0064976430118486,0.01126739288741954,0.016448598130841104,0.043427790845829484,0.005544803254001969,0.0,0.0,0.0,0.0,0.0,0.0,0.0,0.0,0.0,0.0548686244204017,0.41800000000000004
192,AUBANK,245,0.0034757259782487,0.0065648854961832,0.0112963532954164,0.01682172905359933,0.029828212564297997,0.005279263841860973,0.0,0.0,0.0,0.0,0.0,0.0,0.0,0.0,0.0,0.0608079748163694,0.41900000000000004
193,CHALET,244,0.00384703584451605,0.0069208858490545,0.010868207218505543,0.01574318486880594,0.02646016915976064,0.005326248855301044,0.0,0.0,0.0,0.0,0.0,0.0,0.0,0.0,0.0,0.0484964259304905,0.421
194,ASTRAL,245,0.0036756909592139,0.0075699745547074,0.01152386576438582,0.015399781980188501,0.03331382689620246,0.005723430679573779,0.0,0.0,0.0,0.0,0.0,0.0,0.0,0.0,0.0,0.048993288590604,0.42100000000000004
195,ERIS,245,0.0039812495986644,0.0068537859007833,0.01141525428953684,0.014158572442992297,0.02060200999186704,0.004917712564553212,0.0,0.0,0.0,0.0,0.0,0.0,0.0,0.0,0.0,0.0283087345753689,0.4235
196,BANKBARODA,245,0.0034086242299795,0.0064608758076092,0.011632176580053596,0.0169768787156499,0.03023388560909033,0.005210849263366362,0.0,0.0,0.0,0.0,0.0,0.0,0.0,0.0,0.0,0.045045045045045,0.42400000000000004
197,DOMS,245,0.0034094099715213,0.0072260136491368,0.01079741533205938,0.01841713950303254,0.04352327285941488,0.005604789485630735,0.0,0.0,0.0,0.0,0.0,0.0,0.0,0.0,0.0,0.0878243512974052,0.425
198,TATACHEM,245,0.0028011204481792,0.005452562704471,0.01196162955494088,0.019633130511039577,0.038505129634792266,0.0051176682519745486,0.0,0.0,0.0,0.0,0.0,0.0,0.0,0.0,0.0,0.0441767068273093,0.4295
199,NSLNISP,245,0.003168854685378,0.0060832943378568,0.012191298173542899,0.01779829367078635,0.04137356226037672,0.005365388448734629,0.0,0.0,0.0,0.0,0.0,0.0,0.0,0.0,0.0,0.0793296089385473,0.4295
200,OLECTRA,245,0.003270509977827,0.0064464141821112,0.011000854732546639,0.019289298269052017,0.05216253381084068,0.0058068517130711785,0.0,0.0,0.0,0.0,0.0,0.0,0.0,0.0,0.0,0.0644614079728582,0.4295
201,RHIM,245,0.0039171796306659,0.0070671378091873,0.011133293810704119,0.015238391780437895,0.03390174512221659,0.005312455208532271,0.0,0.0,0.0,0.0,0.0,0.0,0.0,0.0,0.0,0.0412806539509535,0.4305
202,VBL,245,0.0030395136778115,0.0062037037037037,0.012245589881552058,0.01819860632718535,0.03186185007052184,0.005159526723751366,0.0,0.0,0.0,0.0,0.0,0.0,0.0,0.0,0.0,0.0346354166666666,0.431
203,HUDCO,245,0.0032894736842103,0.0067114093959732,0.01138928544009916,0.018313513605753923,0.04484621470850403,0.0056480814440108395,0.0,0.0,0.0,0.0,0.0,0.0,0.0,0.0,0.0,0.0610580534392102,0.432
204,BBTC,243,0.0032471106219043,0.00664512068414325,0.01229047404803235,0.01756698688082802,0.033134933455617896,0.005313874435728003,0.0,0.0,0.0,0.0,0.0,0.0,0.0,0.0,0.0,0.0414201183431952,0.436
205,APTUS,245,0.003627569528416,0.0071756029499699,0.011154103241559679,0.017023495316857432,0.04294494630723232,0.005623254876722767,0.0,0.0,0.0,0.0,0.0,0.0,0.0,0.0,0.0,0.0547499999999998,0.4365
206,KARURVYSYA,245,0.0032693093583979,0.0067389875082182,0.011395714012151078,0.018861660389843472,0.037693968068427786,0.005433040561754705,0.0,0.0,0.0,0.0,0.0,0.0,0.0,0.0,0.0,0.0617075232459847,0.43799999999999994
207,CHOICEIN,245,0.0034271725826193,0.0060636059893577,0.011455789003943456,0.017647437302326024,0.031044973708629693,0.005290228689980764,0.0,0.0,0.0,0.0,0.0,0.0,0.0,0.0,0.0,0.0419972001866542,0.438
208,SUZLON,245,0.0029261155815654,0.0055841924398626,0.01223172561890688,0.019223850587684728,0.04530289491327558,0.005255051330112024,0.0,0.0,0.0,0.0,0.0,0.0,0.0,0.0,0.0,0.0825322391559202,0.442
209,AEGISLOG,245,0.0039215686274509,0.0067720090293452,0.01190431914856556,0.014525012893243955,0.025134056971155252,0.005192929954485691,0.0,0.0,0.0,0.0,0.0,0.0,0.0,0.0,0.0,0.0562180579216353,0.44225
210,ADANIPORTS,245,0.0029224229543038,0.0065515187611673,0.013056957462148498,0.017676285808844498,0.043526949641081725,0.005486888296142165,0.0,0.0,0.0,0.0,0.0,0.0,0.0,0.0,0.0,0.059985528219971,0.443
211,AMBUJACEM,245,0.0036403349108118,0.006993006993007,0.01116609442280358,0.017385800041165873,0.037325636150526295,0.005616156830830749,0.0,0.0,0.0,0.0,0.0,0.0,0.0,0.0,0.0,0.0439721868573106,0.4465
212,ASIANPAINT,245,0.0024338929912133,0.0066630650099046,0.013341318418892079,0.018403212147005618,0.03569347564221073,0.0053431497922482385,0.0,0.0,0.0,0.0,0.0,0.0,0.0,0.0,0.0,0.0542797494780793,0.4475
213,DALBHARAT,245,0.0038765543976237,0.0068738283247173,0.011254798044966359,0.015749959090165248,0.03154407095856235,0.005328255760761088,0.0,0.0,0.0,0.0,0.0,0.0,0.0,0.0,0.0,0.0412188365650969,0.4485
214,ASAHIINDIA,245,0.0038225414108652,0.0072180807005088,0.01156491572510108,0.015591291863978137,0.037000012642849786,0.0056027121062845195,0.0,0.0,0.0,0.0,0.0,0.0,0.0,0.0,0.0,0.0463044950257826,0.452
215,SCHAEFFLER,245,0.0038119440914865,0.0071465696465696,0.011216798896609339,0.01664406617625213,0.03525420952054981,0.005444407959312558,0.0,0.0,0.0,0.0,0.0,0.0,0.0,0.0,0.0,0.0537342864185359,0.45399999999999996
216,BAJAJHLDNG,245,0.0042533936651583,0.0075750402424012,0.0114767043958937,0.01428001709158232,0.028740499660184583,0.0054574215867986015,0.0,0.0,0.0,0.0,0.0,0.0,0.0,0.0,0.0,0.0469483568075117,0.4545
217,ENRIN,245,0.0035766246362756,0.0062006764374296,0.01203425969052426,0.01656190614280901,0.03108507286380266,0.005431668167736819,0.0,0.0,0.0,0.0,0.0,0.0,0.0,0.0,0.0,0.0597124953925543,0.45499999999999996
218,ENDURANCE,245,0.0040760321239758,0.0073800738007379,0.01169554175517098,0.014847213760620094,0.04243414230957396,0.005949038768578607,0.0,0.0,0.0,0.0,0.0,0.0,0.0,0.0,0.0,0.0682916666666666,0.45749999999999996
219,VMM,245,0.0033613445378151,0.0065116279069767,0.01243716031397696,0.017277003681401847,0.04211698732772174,0.005879472433991685,0.0,0.0,0.0,0.0,0.0,0.0,0.0,0.0,0.0,0.0676343664182032,0.4595
220,BHARATFORG,245,0.0032998855141761,0.0067229196679701,0.012551709230151618,0.01749640964199377,0.031574490337391306,0.0056229197023631595,0.0,0.0,0.0,0.0,0.0,0.0,0.0,0.0,0.0,0.0821309655937847,0.461
221,AJANTPHARM,245,0.0038729887512458,0.0068929321203639,0.01137992466361806,0.016179300223974874,0.028273553741276585,0.0054886172974021605,0.0,0.0,0.0,0.0,0.0,0.0,0.0,0.0,0.0,0.0493785690292241,0.4615
222,TIMKEN,243,0.0032988357050451,0.0079276474098261,0.012355709131741562,0.017870369734156753,0.02632579608530523,0.005578018255377906,0.0,0.0,0.0,0.0,0.0,0.0,0.0,0.0,0.0,0.051218987302856,0.4625
223,TCS,245,0.0033939990162321,0.0069750711582372,0.01256026447388324,0.017014997897360017,0.03872177543466414,0.005678245294605784,0.0,0.0,0.0,0.0,0.0,0.0,0.0,0.0,0.0,0.0577833912219767,0.4625
224,JBMA,245,0.0032542372881354,0.007183212267958,0.01194496496191244,0.019175047362481837,0.046778153691319664,0.005995409444371495,0.0,0.0,0.0,0.0,0.0,0.0,0.0,0.0,0.0,0.0760354235620359,0.4635
225,MFSL,245,0.0037831021437578,0.0069375,0.01188069832752396,0.016176615809313052,0.030873060649617416,0.0055759831099413655,0.0,0.0,0.0,0.0,0.0,0.0,0.0,0.0,0.0,0.0460251046025104,0.4635
226,TRENT,245,0.0030130869620459,0.0060626249167221,0.011525349411068878,0.021575436097006476,0.047503759040353075,0.0055736674143535715,0.0,0.0,0.0,0.0,0.0,0.0,0.0,0.0,0.0,0.077871920002395,0.465
227,CANFINHOME,245,0.0037546933667083,0.0069360675512666,0.01151690886866758,0.01707896962542357,0.02775479633064818,0.00532132123231522,0.0,0.0,0.0,0.0,0.0,0.0,0.0,0.0,0.0,0.0335135135135136,0.46749999999999997
228,NLCINDIA,245,0.0042246909716787,0.0077227722772277,0.0111199157360193,0.0155642023346302,0.04806117335940738,0.006110787200952072,0.0,0.0,0.0,0.0,0.0,0.0,0.0,0.0,0.0,0.0642201834862385,0.4685
229,ABCAPITAL,245,0.0034246575342464,0.0073529411764705,0.012645482846665279,0.016931292575696488,0.03350951857079028,0.005493884312891501,0.0,0.0,0.0,0.0,0.0,0.0,0.0,0.0,0.0,0.0543973941368078,0.471
230,CARTRADE,245,0.0032766990291261,0.0076200602516393,0.013013524137468334,0.017494466976329903,0.03740991175755227,0.005733141846791158,0.0,0.0,0.0,0.0,0.0,0.0,0.0,0.0,0.0,0.0597475455820477,0.4755
231,INDIANB,245,0.0034302325581395,0.0072169598556608,0.012382349986450138,0.017610728071314627,0.030574576807990552,0.005512953971034325,0.0,0.0,0.0,0.0,0.0,0.0,0.0,0.0,0.0,0.0420388233893056,0.476
232,KOTAKBANK,245,0.0034181541967336,0.0067832916815424,0.012925980807810837,0.01674672084586278,0.026324529246362756,0.005373155296023476,0.0,0.0,0.0,0.0,0.0,0.0,0.0,0.0,0.0,0.0408614025400331,0.47750000000000004
233,SAIL,245,0.0038205108996927,0.0077298616761594,0.011058890437670539,0.017844215518828088,0.028362279578822633,0.0056113412119437045,0.0,0.0,0.0,0.0,0.0,0.0,0.0,0.0,0.0,0.0378237714839021,0.4795
234,CARBORUNIV,245,0.0040478380864765,0.0070697674418603,0.01178947449817336,0.015617178068852626,0.02807443438914028,0.005498873476232329,0.0,0.0,0.0,0.0,0.0,0.0,0.0,0.0,0.0,0.0602409638554216,0.4805
235,ACE,245,0.0035800223017781,0.0067522321428571,0.011302200421692579,0.01883441445437182,0.03862103659373544,0.005548585133787301,0.0,0.0,0.0,0.0,0.0,0.0,0.0,0.0,0.0,0.0456252133348504,0.4835
236,DEVYANI,245,0.0030164745920023,0.0064266137416122,0.01290074167309706,0.019432308677027988,0.044769015035446245,0.005665750610548516,0.0,0.0,0.0,0.0,0.0,0.0,0.0,0.0,0.0,0.0638297872340425,0.485
237,KPITTECH,245,0.003122212310437,0.0063391442155309,0.012765058019122017,0.019130733212927156,0.04499196649300769,0.005804046407032644,0.0,0.0,0.0,0.0,0.0,0.0,0.0,0.0,0.0,0.099523241954708,0.485
238,BALRAMCHIN,245,0.003692156219232,0.0070383404334137,0.012642314597431219,0.015986442794037953,0.03468426141939076,0.005593825842166841,0.0,0.0,0.0,0.0,0.0,0.0,0.0,0.0,0.0,0.0476058931860037,0.4855
239,JUBLINGREA,245,0.0037996059667886,0.0071999999999999,0.011322174484841897,0.017780373763311735,0.025345070422535174,0.005704451159592291,0.0,0.0,0.0,0.0,0.0,0.0,0.0,0.0,0.0,0.1359460118708837,0.4855
240,WHIRLPOOL,245,0.0033519553072626,0.0069336521219365,0.012098959438403759,0.019102478049228197,0.04008553100498924,0.005853124091549438,0.0,0.0,0.0,0.0,0.0,0.0,0.0,0.0,0.0,0.0977193274513068,0.487
241,LT,245,0.0027093596059113,0.0056845577972339,0.013007976019720034,0.02067465948272898,0.04624007857627273,0.005387385646759784,0.0,0.0,0.0,0.0,0.0,0.0,0.0,0.0,0.0,0.0607200429876411,0.489
242,FIRSTCRY,245,0.0035496957403651,0.0072941176470588,0.012402812241521857,0.017408509426858013,0.035704657768262385,0.005560466768307235,0.0,0.0,0.0,0.0,0.0,0.0,0.0,0.0,0.0,0.04091834845399,0.489
243,OIL,245,0.0039603960396039,0.0075098814229248,0.011843830819162777,0.016240240471436414,0.03660842514794904,0.005662850041624927,0.0,0.0,0.0,0.0,0.0,0.0,0.0,0.0,0.0,0.0403960396039604,0.4895
244,PCBL,245,0.0031788079470198,0.0064766839378238,0.011970204491870074,0.020943506149764996,0.05303380961079292,0.005807036094106359,0.0,0.0,0.0,0.0,0.0,0.0,0.0,0.0,0.0,0.0743028261276437,0.4915
245,POLICYBZR,245,0.0036,0.007563025210084,0.01253733189340858,0.01708796571027518,0.03504225396252292,0.0059001024767899165,0.0,0.0,0.0,0.0,0.0,0.0,0.0,0.0,0.0,0.0501486364223859,0.4935
246,USHAMART,245,0.0041510580135668,0.0070474387293573,0.012049276516558,0.0153769992383853,0.0373973966534542,0.005932454807611177,0.0,0.0,0.0,0.0,0.0,0.0,0.0,0.0,0.0,0.0582035928143712,0.4945
247,NATCOPHARM,245,0.0034908700322233,0.0065281899109792,0.0109384050091001,0.021136610367525097,0.04394624993039948,0.005697245397449691,0.0,0.0,0.0,0.0,0.0,0.0,0.0,0.0,0.0,0.0692588092345078,0.4965
248,JUBLFOOD,245,0.0029688273132112,0.0056414542415379,0.012454810495626618,0.02165727701152192,0.04595720267007888,0.005532120630985652,0.0,0.0,0.0,0.0,0.0,0.0,0.0,0.0,0.0,0.0502604166666666,0.501
249,TVSMOTOR,245,0.0030496257277515,0.0067531064289572,0.013734131640922837,0.018597228858098332,0.028600888356555478,0.00549872375121089,0.0,0.0,0.0,0.0,0.0,0.0,0.0,0.0,0.0,0.0480852289087243,0.502
250,AADHARHFC,245,0.0045018007202881,0.0080160320641282,0.0117811345100537,0.014995662866997874,0.02927825758602656,0.005990559225402318,0.0,0.0,0.0,0.0,0.0,0.0,0.0,0.0,0.0,0.0730186041509839,0.503
251,TRITURBINE,245,0.0038961038961038,0.0072208850212922,0.012272671806800958,0.016295668611283093,0.05236473688789813,0.005927529122692126,0.0,0.0,0.0,0.0,0.0,0.0,0.0,0.0,0.0,0.0869565217391303,0.5035
252,BHARTIARTL,245,0.0041774418142033,0.0072104799647731,0.012163043609224839,0.015488347046229216,0.024603936782522887,0.005550995448394361,0.0,0.0,0.0,0.0,0.0,0.0,0.0,0.0,0.0,0.042514239218877,0.5035000000000001
253,SAREGAMA,245,0.0034493571652556,0.0076489533011272,0.012369061022437618,0.018565400843881842,0.03921664716948455,0.005859557288919409,0.0,0.0,0.0,0.0,0.0,0.0,0.0,0.0,0.0,0.0447058823529411,0.504
254,TRIDENT,245,0.0028099754127151,0.0061601642710471,0.012503934709873859,0.02333684216696842,0.04027546382271274,0.006037736375312887,0.0,0.0,0.0,0.0,0.0,0.0,0.0,0.0,0.0,0.1969052224371372,0.505
255,LGEINDIA,215,0.002969696969697,0.0071285250697016005,0.013865545131933818,0.018966639870615056,0.046768799019689306,0.005740523964609524,0.0,0.0,0.0,0.0,0.0,0.0,0.0,0.0,0.0,0.0717577353522054,0.508
256,UCOBANK,245,0.0033457249070631,0.0059753954305801,0.013606836678590476,0.017501231882826578,0.034733064040313705,0.005192088363166065,0.0,0.0,0.0,0.0,0.0,0.0,0.0,0.0,0.0,0.0450089126559714,0.5105
257,CHENNPETRO,245,0.0032773109243697,0.0070052539404552,0.013234599023788079,0.018380459507616954,0.033647566435069685,0.0056090732778518336,0.0,0.0,0.0,0.0,0.0,0.0,0.0,0.0,0.0,0.0483924209414405,0.5115000000000001
258,RAINBOW,245,0.0039226295144056,0.0079883805374001,0.01247895564160404,0.016273484257090808,0.025845821738347298,0.005679219020934373,0.0,0.0,0.0,0.0,0.0,0.0,0.0,0.0,0.0,0.0469798657718121,0.514
259,ADANIENT,245,0.0035983851149727,0.0071750077989214,0.011439456023389218,0.019861304963083245,0.03791420462505837,0.006036257351238311,0.0,0.0,0.0,0.0,0.0,0.0,0.0,0.0,0.0,0.0776942355889724,0.515
260,SONACOMS,245,0.003626772172766,0.0077388963660833,0.0123974650951624,0.017943046357615892,0.02917197369798354,0.005972468534503572,0.0,0.0,0.0,0.0,0.0,0.0,0.0,0.0,0.0,0.0988999999999999,0.5155000000000001
261,AAVAS,245,0.0034592868547099,0.0073563523096293,0.011955261855261898,0.019797168587264227,0.04719586770717192,0.00593106271924085,0.0,0.0,0.0,0.0,0.0,0.0,0.0,0.0,0.0,0.0779661016949152,0.5165
262,SWANCORP,245,0.0036921011411948,0.0067383282528479,0.012279874213836457,0.017993189284328196,0.04050573580483825,0.00585734211843006,0.0,0.0,0.0,0.0,0.0,0.0,0.0,0.0,0.0,0.0514839491217444,0.517
263,FIVESTAR,245,0.0040834845735027,0.0078387458006718,0.011939414684731878,0.016875352866692984,0.04163095922601936,0.006102157831024535,0.0,0.0,0.0,0.0,0.0,0.0,0.0,0.0,0.0,0.0538666666666667,0.517
264,HSCL,245,0.0037627551020409,0.0067668054729328,0.012093457838772277,0.018071621056614896,0.028642278115864814,0.005446851711182883,0.0,0.0,0.0,0.0,0.0,0.0,0.0,0.0,0.0,0.0398230088495574,0.519
265,CRAFTSMAN,245,0.0038910505836575,0.0070508474576271,0.01223489610716152,0.01721760600217188,0.03419271872634724,0.0058149148961863465,0.0,0.0,0.0,0.0,0.0,0.0,0.0,0.0,0.0,0.0435513335769091,0.5205
266,SUMICHEM,245,0.0042904644427759,0.0075216972034715,0.01125395168949922,0.017378969031671174,0.039269491713936094,0.005800718076331836,0.0,0.0,0.0,0.0,0.0,0.0,0.0,0.0,0.0,0.0628019323671498,0.5245
267,BHARTIHEXA,245,0.0040308239478363,0.007457627118644,0.01306620545161584,0.015180167805167797,0.026965065347933546,0.005680278085621056,0.0,0.0,0.0,0.0,0.0,0.0,0.0,0.0,0.0,0.0463171036204744,0.5249999999999999
268,HDFCAMC,245,0.0037453183520599,0.0071639441054909,0.011933121853060738,0.018897360112733214,0.038676634963215877,0.005928965631476589,0.0,0.0,0.0,0.0,0.0,0.0,0.0,0.0,0.0,0.0720829597286656,0.5265
269,HEG,245,0.0035545023696681,0.0075768614308611,0.012237471393043499,0.01928437727209435,0.04601339747486645,0.006125441993356325,0.0,0.0,0.0,0.0,0.0,0.0,0.0,0.0,0.0,0.0764326375711574,0.529
270,ELECON,245,0.0038298730094739,0.0075849798670286,0.012935782049643638,0.01655491040769175,0.04262825032826039,0.00608360904891786,0.0,0.0,0.0,0.0,0.0,0.0,0.0,0.0,0.0,0.1084325396825396,0.53
271,LTF,245,0.0031031807602793,0.0070921985815601,0.013551474536126713,0.019903113670681878,0.038454303797468344,0.005687132004476258,0.0,0.0,0.0,0.0,0.0,0.0,0.0,0.0,0.0,0.0530865652874374,0.5309999999999999
272,ZENSARTECH,245,0.0040554241297734,0.0080461946232488,0.012938529149018,0.01569096864151983,0.026122648365579197,0.005620177718301563,0.0,0.0,0.0,0.0,0.0,0.0,0.0,0.0,0.0,0.0600533807829181,0.5329999999999999
273,GODREJPROP,245,0.0038667459845329,0.0074441687344912,0.012640555552726999,0.016998682570767275,0.03388540704063895,0.005671225636116819,0.0,0.0,0.0,0.0,0.0,0.0,0.0,0.0,0.0,0.0605208918868278,0.534
274,FLUOROCHEM,245,0.0041331484049931,0.0072546972860125,0.01268305298741,0.015842371922801503,0.0409330872660913,0.00598751531957512,0.0,0.0,0.0,0.0,0.0,0.0,0.0,0.0,0.0,0.0678807947019868,0.535
275,J&KBANK,245,0.0026058631921824,0.0064189189189187,0.014088619628781858,0.02180831120920802,0.04161346961230249,0.005596276812750054,0.0,0.0,0.0,0.0,0.0,0.0,0.0,0.0,0.0,0.0491013844698597,0.538
276,INOXWIND,245,0.0035882908404154,0.0078387458006718,0.01122690725148116,0.02228651709906996,0.03962597878593661,0.005960225691496854,0.0,0.0,0.0,0.0,0.0,0.0,0.0,0.0,0.0,0.0530227948463826,0.538
277,ELGIEQUIP,245,0.0038454659273832,0.0074283692960734,0.01149077675994468,0.019268343203965237,0.02863938172043007,0.006087356819571327,0.0,0.0,0.0,0.0,0.0,0.0,0.0,0.0,0.0,0.1313784345416762,0.5385
278,DEEPAKFERT,245,0.0032524393294972,0.007496561210454,0.0128163329002404,0.021219710456948013,0.05342467360261117,0.006448164224347772,0.0,0.0,0.0,0.0,0.0,0.0,0.0,0.0,0.0,0.075134168157424,0.539
279,LTFOODS,245,0.0033581194531061,0.0070413352457947,0.012389975550122138,0.020950283492820847,0.042454846808299834,0.006375115918278933,0.0,0.0,0.0,0.0,0.0,0.0,0.0,0.0,0.0,0.1587431693989072,0.5395
280,GODFRYPHLP,245,0.0036217655015928,0.0065227592679493,0.011129942527081377,0.02235373037922484,0.04159860366117225,0.005830842590312455,0.0,0.0,0.0,0.0,0.0,0.0,0.0,0.0,0.0,0.0608479271327293,0.5395
281,UTIAMC,245,0.0042060988433227,0.0075591104860684,0.012291891077548819,0.016538168025836287,0.03201356881927317,0.0057641468841670125,0.0,0.0,0.0,0.0,0.0,0.0,0.0,0.0,0.0,0.0497842842600223,0.54
282,ABLBL,245,0.0037748798901853,0.0077524843188387,0.01215848813121878,0.018947587415139685,0.05663133687393589,0.007049779783966427,0.0,0.0,0.0,0.0,0.0,0.0,0.0,0.0,0.0,0.1981681137296058,0.5425
283,NYKAA,245,0.0038022813688212,0.0065981279729936,0.013015306098783699,0.017192248388264,0.03173026819923368,0.005572228128400191,0.0,0.0,0.0,0.0,0.0,0.0,0.0,0.0,0.0,0.0389610389610388,0.544
284,RAMCOCEM,245,0.0043668122270741,0.0077476784438705,0.01223066029469736,0.016382230744646797,0.027475072444218405,0.005844714562959451,0.0,0.0,0.0,0.0,0.0,0.0,0.0,0.0,0.0,0.0372670807453415,0.5469999999999999
285,INDIACEM,245,0.0043500511770726,0.0071789417708056,0.012383996245542279,0.016017280378851098,0.029454514501778595,0.0054941627753989095,0.0,0.0,0.0,0.0,0.0,0.0,0.0,0.0,0.0,0.0366748166259167,0.547
286,MINDACORP,245,0.0036775106082036,0.0080168776371307,0.013563705937672277,0.017296898911974452,0.034000846791265915,0.00592881448517505,0.0,0.0,0.0,0.0,0.0,0.0,0.0,0.0,0.0,0.0606709493219128,0.55
287,TATASTEEL,245,0.0037236703162339,0.0073931598244876,0.012203944012842416,0.019478130872627564,0.029085742731213497,0.005762271311133723,0.0,0.0,0.0,0.0,0.0,0.0,0.0,0.0,0.0,0.043895819197244,0.55
288,ITI,245,0.0044939780693871,0.007020007020007,0.01107077681460938,0.0180924984664577,0.05061221139338262,0.006237935397752903,0.0,0.0,0.0,0.0,0.0,0.0,0.0,0.0,0.0,0.0641073425270221,0.5505
289,PPLPHARMA,245,0.0037513068076995,0.006195596518177,0.012238815278462878,0.019234709661334552,0.03324386730984662,0.005389256674590108,0.0,0.0,0.0,0.0,0.0,0.0,0.0,0.0,0.0,0.0576923076923077,0.5509999999999999
290,NAUKRI,245,0.0041391329605692,0.0079225352112675,0.012853471090099319,0.01632010138416894,0.025304692750651565,0.005702171886423621,0.0,0.0,0.0,0.0,0.0,0.0,0.0,0.0,0.0,0.0324630199543334,0.5515
291,CUMMINSIND,245,0.0033205173016428,0.0064159292035397,0.013341343592742739,0.019649941085759032,0.03442000862440716,0.005608625323797879,0.0,0.0,0.0,0.0,0.0,0.0,0.0,0.0,0.0,0.0432612312811979,0.5525
292,LATENTVIEW,245,0.0036144578313253,0.0073875083948957,0.013446540880503198,0.017827595880537606,0.04280365344221537,0.006057452789308863,0.0,0.0,0.0,0.0,0.0,0.0,0.0,0.0,0.0,0.0626391568947603,0.5545
293,CIEINDIA,245,0.0038095238095239,0.0075,0.01263768335996284,0.018079913098627668,0.02671808436842684,0.005632771345931802,0.0,0.0,0.0,0.0,0.0,0.0,0.0,0.0,0.0,0.0441082463243127,0.5545
294,DIXON,245,0.0034545454545454,0.0070409982174688,0.013031396853716059,0.01930686032156663,0.04685857664256975,0.0059937923682288835,0.0,0.0,0.0,0.0,0.0,0.0,0.0,0.0,0.0,0.0720494494881205,0.556
295,SAMMAANCAP,245,0.0039682539682541,0.0068516615279204,0.010733966870016194,0.021627182718899598,0.038614823677776855,0.005852408182665023,0.0,0.0,0.0,0.0,0.0,0.0,0.0,0.0,0.0,0.0495829471733086,0.5565
296,BANDHANBNK,245,0.0034110016814797,0.0067317605676513,0.013043989537553698,0.01978137459348983,0.04070383390777292,0.005916080523722489,0.0,0.0,0.0,0.0,0.0,0.0,0.0,0.0,0.0,0.0942168674698795,0.557
297,LTM,245,0.0035273368606701,0.0071287617168228,0.013214029393565817,0.01881382461246751,0.0346608342939297,0.005810796753425817,0.0,0.0,0.0,0.0,0.0,0.0,0.0,0.0,0.0,0.0394030599448206,0.5575
298,CONCORDBIO,245,0.0034677723332077,0.0077952755905512,0.01461220370445456,0.017623609120309833,0.04089954526663915,0.0059745403542019355,0.0,0.0,0.0,0.0,0.0,0.0,0.0,0.0,0.0,0.050597645367125,0.558
299,BANKINDIA,245,0.0029369627507163,0.0057735754330181,0.013731864153114696,0.022775202415455657,0.036984490211034775,0.005601635028286206,0.0,0.0,0.0,0.0,0.0,0.0,0.0,0.0,0.0,0.0469681547186273,0.5585
300,RKFORGE,245,0.004026971342948,0.0073891625615762,0.012920180750751237,0.016990463537590646,0.03569626102177709,0.005891519685956864,0.0,0.0,0.0,0.0,0.0,0.0,0.0,0.0,0.0,0.1067193675889328,0.5585
301,NAVINFLUOR,245,0.0040013917884481,0.0076971965256691,0.011822444986957779,0.018925895127434096,0.04650336259647996,0.006420585864878041,0.0,0.0,0.0,0.0,0.0,0.0,0.0,0.0,0.0,0.103014573767219,0.5589999999999999
302,VIJAYA,245,0.0042016806722688,0.0075208347449013,0.01284736697304098,0.016421208843325232,0.02615493104363908,0.0057631061225075645,0.0,0.0,0.0,0.0,0.0,0.0,0.0,0.0,0.0,0.0514541387024607,0.5595
303,RITES,245,0.0034863984586448,0.0067757009345794,0.013237474889843935,0.01895402554413426,0.03554026888919902,0.005580193959662003,0.0,0.0,0.0,0.0,0.0,0.0,0.0,0.0,0.0,0.0452655889145496,0.56
304,JUBLPHARMA,245,0.003734827264239,0.0078681552365762,0.01322503901640588,0.017936566493562938,0.039253467666134204,0.006036460791011036,0.0,0.0,0.0,0.0,0.0,0.0,0.0,0.0,0.0,0.0420809248554913,0.562
305,NIACL,245,0.0033222591362125,0.0076651296484819,0.012593106224975815,0.02253283591955689,0.039356867490810084,0.005850036396644615,0.0,0.0,0.0,0.0,0.0,0.0,0.0,0.0,0.0,0.0535035035035034,0.56325
306,UNIONBANK,245,0.0037719778548397,0.0067464900018232,0.01251382406729598,0.01912176594276972,0.04162181020633997,0.005996877959052484,0.0,0.0,0.0,0.0,0.0,0.0,0.0,0.0,0.0,0.0456829068816451,0.5645
307,KAJARIACER,245,0.0038118410381184,0.007703851925963,0.01296991325536446,0.017940143872123553,0.033830253306736065,0.00588418493655776,0.0,0.0,0.0,0.0,0.0,0.0,0.0,0.0,0.0,0.0557294927989981,0.565
308,BERGEPAINT,245,0.0038043478260869,0.0077369439071566,0.013203486840346796,0.01769742627001686,0.0337070728439462,0.005934812282915108,0.0,0.0,0.0,0.0,0.0,0.0,0.0,0.0,0.0,0.054677438239082,0.5660000000000001
309,APOLLOTYRE,245,0.0039503386004515,0.0070913461538461,0.012905583439375916,0.017676015113618215,0.03707821797511726,0.005894921496406915,0.0,0.0,0.0,0.0,0.0,0.0,0.0,0.0,0.0,0.0570519377201954,0.57025
310,CGPOWER,245,0.0037735849056603,0.0070582605574829,0.012715875635114079,0.0191046803877513,0.04253722854225751,0.00592468626367392,0.0,0.0,0.0,0.0,0.0,0.0,0.0,0.0,0.0,0.0831688055281343,0.573
311,AMBER,245,0.0030788177339902,0.0064447545013619,0.014808266097492596,0.02084586163711062,0.04604492152220274,0.00614431271176237,0.0,0.0,0.0,0.0,0.0,0.0,0.0,0.0,0.0,0.0945670195128172,0.5735
312,CYIENT,245,0.0035629453681709,0.0069662921348314,0.013188343830682918,0.019345529122555532,0.04630071548543229,0.0060168974179076904,0.0,0.0,0.0,0.0,0.0,0.0,0.0,0.0,0.0,0.0521981670872626,0.5745
313,SAILIFE,245,0.0037878787878788,0.0068016695006956,0.012229436310072698,0.020543094096651077,0.0414349670333285,0.006017358431076196,0.0,0.0,0.0,0.0,0.0,0.0,0.0,0.0,0.0,0.0631814119749777,0.5795
314,MMTC,245,0.0035804863493956,0.0068362480127186,0.012991354521737497,0.01986418579383384,0.03622229433448267,0.00589279047380407,0.0,0.0,0.0,0.0,0.0,0.0,0.0,0.0,0.0,0.0626780626780627,0.5815
315,PHOENIXLTD,245,0.0042465281762884,0.0078043704474506,0.013201557316237539,0.016659214698931633,0.029380845230575492,0.006010030886129546,0.0,0.0,0.0,0.0,0.0,0.0,0.0,0.0,0.0,0.042,0.5875
316,TEGA,243,0.0042941492216854,0.0081463761822738,0.011957718201793081,0.018637499999999974,0.03598862841233253,0.006084034569212615,0.0,0.0,0.0,0.0,0.0,0.0,0.0,0.0,0.0,0.0443433769187038,0.588
317,TATAINVEST,245,0.0030688622754491,0.0075394105551747,0.014508293000916259,0.023086942171642272,0.04580294408735805,0.006219387317166802,0.0,0.0,0.0,0.0,0.0,0.0,0.0,0.0,0.0,0.0591805766312595,0.5925
318,LEMONTREE,245,0.0037604859704947,0.0065040650406503,0.012811150597593359,0.02000813025450825,0.03527263559407322,0.00567472396770075,0.0,0.0,0.0,0.0,0.0,0.0,0.0,0.0,0.0,0.0454346876365224,0.594
319,ABDL,245,0.0041894940380277,0.0076045627376426,0.012914310034682236,0.0178007208901426,0.030981182795698864,0.006221954285157549,0.0,0.0,0.0,0.0,0.0,0.0,0.0,0.0,0.0,0.0690376569037657,0.5960000000000001
320,NIVABUPA,245,0.0035763728657127,0.00775,0.012615446934917618,0.022531147983500067,0.03777175168464067,0.006231555825861664,0.0,0.0,0.0,0.0,0.0,0.0,0.0,0.0,0.0,0.0714285714285714,0.598
321,ANURAS,245,0.0043185089779529,0.0080598733448473,0.01250903889282092,0.017973642880299994,0.03632069137945669,0.006247458887325431,0.0,0.0,0.0,0.0,0.0,0.0,0.0,0.0,0.0,0.0475038309541092,0.5985
322,NAVA,245,0.0040577096483318,0.007919904363419,0.012248603498524238,0.019697698958912525,0.02536467551453655,0.005848876550962498,0.0,0.0,0.0,0.0,0.0,0.0,0.0,0.0,0.0,0.0536974789915967,0.6
323,360ONE,245,0.0043124101581217,0.0073999327278841,0.012016577947750956,0.01900801079278493,0.03159589618870251,0.005913377522176431,0.0,0.0,0.0,0.0,0.0,0.0,0.0,0.0,0.0,0.0444706095462367,0.6005
324,KPIL,245,0.0042466601787135,0.0076750135669432,0.012578365149290217,0.018244704076054934,0.03156333971518949,0.0059792907989305874,0.0,0.0,0.0,0.0,0.0,0.0,0.0,0.0,0.0,0.050255202198665,0.6025
325,NAM-INDIA,245,0.0035036258453515,0.007542496904199,0.01425094175601268,0.01948248964572828,0.036534851256378134,0.006321517062702112,0.0,0.0,0.0,0.0,0.0,0.0,0.0,0.0,0.0,0.1518264840182648,0.6045
326,GLAND,245,0.0039754656974102,0.0070532915360501,0.012331803652857557,0.020014424171875395,0.05888600159951757,0.006592983318484684,0.0,0.0,0.0,0.0,0.0,0.0,0.0,0.0,0.0,0.1427032848680667,0.6045
327,LLOYDSME,245,0.0037146539307104,0.0073145245559038,0.012904905751718558,0.020762299496483075,0.04101465604763808,0.006134909043471843,0.0,0.0,0.0,0.0,0.0,0.0,0.0,0.0,0.0,0.0754070265638389,0.605
328,ABSLAMC,245,0.0039431234317122,0.0083102493074792,0.013817795635858198,0.017794289109674833,0.03454491115495813,0.006208087209939423,0.0,0.0,0.0,0.0,0.0,0.0,0.0,0.0,0.0,0.0469999424725307,0.6054999999999999
329,MRPL,245,0.0037417592207638,0.0069204152249133,0.01247988930836352,0.021765100277670018,0.043238252977243,0.0062756712736085655,0.0,0.0,0.0,0.0,0.0,0.0,0.0,0.0,0.0,0.0714084507042251,0.6055
330,CAMS,245,0.0037564766839377,0.0072799470549305,0.013927200093084478,0.018731288529214657,0.029359811306398857,0.00570103719142667,0.0,0.0,0.0,0.0,0.0,0.0,0.0,0.0,0.0,0.049062049062049,0.6064999999999999
331,PVRINOX,245,0.004570895522388,0.0075121520106054,0.012344827941002398,0.01801039023566537,0.0276973145409134,0.005953972009763649,0.0,0.0,0.0,0.0,0.0,0.0,0.0,0.0,0.0,0.0427163198247535,0.607
332,WIPRO,245,0.0032275840352671,0.0076359039190897,0.0141935406339191,0.023494322883908816,0.05135202354202176,0.006320592473577192,0.0,0.0,0.0,0.0,0.0,0.0,0.0,0.0,0.0,0.0689072164948452,0.608
333,AIAENG,245,0.0042568286626463,0.0074183976261128,0.013238750445905258,0.017315083401664613,0.02950818014491688,0.005801596100392363,0.0,0.0,0.0,0.0,0.0,0.0,0.0,0.0,0.0,0.0406078071784123,0.6080000000000001
334,OBEROIRLTY,245,0.003740582687951,0.0071833648393195,0.014471918503854259,0.018352619843487197,0.029579397177599734,0.005843086642105333,0.0,0.0,0.0,0.0,0.0,0.0,0.0,0.0,0.0,0.05016077170418,0.6085
335,FACT,245,0.0034168564920273,0.0067039106145252,0.01295205955334982,0.024298066331505466,0.046373371634331674,0.005965093679276565,0.0,0.0,0.0,0.0,0.0,0.0,0.0,0.0,0.0,0.0599326599326599,0.609
336,IKS,245,0.0036483253588515,0.0071342925659472,0.013747967479674737,0.019486139524176747,0.035315324048991424,0.006025165426447826,0.0,0.0,0.0,0.0,0.0,0.0,0.0,0.0,0.0,0.0422195416164052,0.609
337,TECHM,245,0.0042883778744562,0.0074226804123711,0.013198774161669218,0.017422938200072277,0.03671162491971736,0.00624960772878716,0.0,0.0,0.0,0.0,0.0,0.0,0.0,0.0,0.0,0.0703097807170205,0.61
338,VTL,245,0.0039915473115755,0.0071575644671045,0.013159012855344895,0.01865499562592885,0.04725757818765034,0.0065789374910091925,0.0,0.0,0.0,0.0,0.0,0.0,0.0,0.0,0.0,0.1870052770448549,0.611
339,SHYAMMETL,245,0.0040774719673801,0.0076618401402508,0.01413356613209148,0.017243913404724715,0.034245581476272595,0.005966767074306631,0.0,0.0,0.0,0.0,0.0,0.0,0.0,0.0,0.0,0.0467333178330621,0.6114999999999999
340,GRSE,245,0.0036170212765956,0.006160954948017,0.012326133074107336,0.025249863909644604,0.04390679856142631,0.0061413079349987585,0.0,0.0,0.0,0.0,0.0,0.0,0.0,0.0,0.0,0.0781483671269085,0.6145
341,SONATSOFTW,245,0.004077791718946,0.0081168831168831,0.013341708942287736,0.018142102545772244,0.03764417240208536,0.006199299661659987,0.0,0.0,0.0,0.0,0.0,0.0,0.0,0.0,0.0,0.0560328726186029,0.615
342,LTTS,245,0.0038086169959532,0.0077103351300678,0.01429406406348046,0.018264062046970023,0.03428916591697719,0.006047446019428664,0.0,0.0,0.0,0.0,0.0,0.0,0.0,0.0,0.0,0.0465395226100515,0.6155
343,INTELLECT,245,0.0041361756283805,0.0081717451523546,0.013530093663527138,0.017816328920059264,0.04364837707487095,0.006475934110330466,0.0,0.0,0.0,0.0,0.0,0.0,0.0,0.0,0.0,0.092564326210205,0.616
344,NBCC,245,0.003616636528029,0.0065851364063969,0.01316836790833724,0.021476567977134126,0.040935513561292616,0.006078176519176924,0.0,0.0,0.0,0.0,0.0,0.0,0.0,0.0,0.0,0.0683196188826331,0.6160000000000001
345,ENGINERSIN,245,0.0033121019108279,0.0071599045346062,0.014930542974647238,0.021410399362839897,0.051445748591833006,0.006543612349800262,0.0,0.0,0.0,0.0,0.0,0.0,0.0,0.0,0.0,0.1027416228191635,0.617
346,GRAVITA,245,0.0033524073752964,0.0067929065223926,0.01456633221850606,0.021439131507525317,0.043492448883524874,0.006031528903586906,0.0,0.0,0.0,0.0,0.0,0.0,0.0,0.0,0.0,0.0559627329192545,0.617
347,POWERINDIA,245,0.0039370078740157,0.0077821011673151,0.013434121444844257,0.018859212619748857,0.0637377139596633,0.006808732780061693,0.0,0.0,0.0,0.0,0.0,0.0,0.0,0.0,0.0,0.0913838120104437,0.62025
348,ADANIPOWER,245,0.0036727879799667,0.0078092889436909,0.013565907640399078,0.020390267928421534,0.053741556534508086,0.00642959225641774,0.0,0.0,0.0,0.0,0.0,0.0,0.0,0.0,0.0,0.0780669144981411,0.622
349,ACUTAAS,245,0.0040754257907542,0.0067443286327406,0.01329069835491138,0.018613020459415677,0.037776812827503385,0.006117649717013364,0.0,0.0,0.0,0.0,0.0,0.0,0.0,0.0,0.0,0.0567179487179487,0.622
350,NEULANDLAB,245,0.0038661710037175,0.0074320241691843,0.01352211056067916,0.01919911110724033,0.06727161118626519,0.006808374300628898,0.0,0.0,0.0,0.0,0.0,0.0,0.0,0.0,0.0,0.0873360267345004,0.6244999999999999
351,POONAWALLA,245,0.0042674253200569,0.0082197482051815,0.013080388080388057,0.018135324170138453,0.033040937682604,0.006252860828890041,0.0,0.0,0.0,0.0,0.0,0.0,0.0,0.0,0.0,0.047945205479452,0.6255
352,INDGN,245,0.0044537594969871,0.0080808080808081,0.01262944803781458,0.018463481030124438,0.03693360160965787,0.006258717397350628,0.0,0.0,0.0,0.0,0.0,0.0,0.0,0.0,0.0,0.0504027617951667,0.6255
353,NUVOCO,245,0.0035959463877084,0.0082806383619391,0.014052687092264959,0.02038256088176763,0.036557728399197534,0.006425056155218649,0.0,0.0,0.0,0.0,0.0,0.0,0.0,0.0,0.0,0.0780264817150062,0.626
354,THERMAX,245,0.0038912853307593,0.0074603174603175,0.012574479104577855,0.021359787915904576,0.0369080335608439,0.006311095688779012,0.0,0.0,0.0,0.0,0.0,0.0,0.0,0.0,0.0,0.0935730464326161,0.627
355,BALKRISIND,245,0.0041145058215881,0.0068027210884353,0.012391736584683339,0.020609492316068283,0.04283907460829234,0.00617905107301263,0.0,0.0,0.0,0.0,0.0,0.0,0.0,0.0,0.0,0.1009995198812798,0.6275
356,ADANIENSOL,245,0.0040152776417589,0.0074484213301695,0.012424421650673177,0.0211126028242844,0.04126138690173124,0.0063530021749898654,0.0,0.0,0.0,0.0,0.0,0.0,0.0,0.0,0.0,0.0771321780496092,0.6285000000000001
357,KFINTECH,245,0.0041389238797913,0.0080865479182603,0.013216426081951576,0.018713477579944814,0.040001141743273544,0.006076360444487555,0.0,0.0,0.0,0.0,0.0,0.0,0.0,0.0,0.0,0.0505747126436781,0.6285000000000001
358,JINDALSAW,245,0.0039840637450199,0.0077220077220077,0.012678361909981457,0.020610598571275878,0.051962148868308834,0.006432986030160875,0.0,0.0,0.0,0.0,0.0,0.0,0.0,0.0,0.0,0.0640991112308106,0.631
359,WAAREEENER,245,0.0034762456546928,0.0076124140906709,0.014698951881679296,0.020743604719769826,0.0612602066742473,0.006936678762894236,0.0,0.0,0.0,0.0,0.0,0.0,0.0,0.0,0.0,0.0942292602896068,0.6315
360,JSWINFRA,245,0.0033123028391167,0.007402058133237,0.013802422272557999,0.02559380513012649,0.03552908382265091,0.005949149942843603,0.0,0.0,0.0,0.0,0.0,0.0,0.0,0.0,0.0,0.0476801368398547,0.6325000000000001
361,SAGILITY,245,0.0034531789559211,0.0074555074555076,0.0134355444036769,0.02411952670798971,0.04930054449997969,0.006380714216024791,0.0,0.0,0.0,0.0,0.0,0.0,0.0,0.0,0.0,0.0560519902518277,0.6335
362,CHOLAFIN,245,0.0042385057471265,0.0071105365223012,0.012572084971192238,0.01982871028859156,0.039135560790455264,0.006229704472195633,0.0,0.0,0.0,0.0,0.0,0.0,0.0,0.0,0.0,0.0719634833464091,0.636
363,ATGL,245,0.0034555415086388,0.0062111801242235,0.013896966270855817,0.022885285345421297,0.04763971868361112,0.006266466450244528,0.0,0.0,0.0,0.0,0.0,0.0,0.0,0.0,0.0,0.0578957491825351,0.637
364,IRCON,245,0.0037215072104201,0.0076099733960278,0.013846755621038776,0.020610374750869586,0.039948170335736034,0.006196095792047666,0.0,0.0,0.0,0.0,0.0,0.0,0.0,0.0,0.0,0.0564778775121137,0.6375
365,IRB,245,0.0027906976744185,0.0071258907363421,0.012774642981539538,0.023358348968104934,0.06229644158027468,0.011855007671516357,0.004081632653061225,0.0,0.004081632653061225,0.0,0.004081632653061225,0.0,0.004081632653061225,0.004081632653061225,0.004081632653061225,1.0366972477064218,0.6395
366,ZYDUSWELL,244,0.00419585549238945,0.00738647476074875,0.01405326706328277,0.01780556569159083,0.0274552467385139,0.005948507083691242,0.0,0.0,0.0,0.0,0.0,0.0,0.0,0.0,0.0,0.0522109062782003,0.6395
367,PARADEEP,245,0.0041298890598427,0.0078838174273858,0.013350924808105197,0.019004861985275626,0.038413885928026026,0.006160827560401742,0.0,0.0,0.0,0.0,0.0,0.0,0.0,0.0,0.0,0.0529708288571193,0.64
368,JYOTICNC,245,0.004089219330855,0.0078094994238894,0.012886495112706954,0.02029775454539286,0.05234013781888275,0.006585174600078271,0.0,0.0,0.0,0.0,0.0,0.0,0.0,0.0,0.0,0.0686238532110091,0.6405000000000001
369,ANGELONE,245,0.0036363636363636,0.0077450763443238,0.013582129385319339,0.02190434909433108,0.04345620171986597,0.0061596748536788485,0.0,0.0,0.0,0.0,0.0,0.0,0.0,0.0,0.0,0.0591297880252881,0.642
370,MAHABANK,245,0.0038506613092248,0.0068696120689655,0.012629601575518856,0.023295879330706454,0.04407078743542594,0.006243545299822974,0.0,0.0,0.0,0.0,0.0,0.0,0.0,0.0,0.0,0.0529490616621982,0.6455
371,SWIGGY,245,0.0041867546308043,0.0077205882352942,0.012900089161573876,0.02019128586609978,0.03449134542040721,0.006125198956618084,0.0,0.0,0.0,0.0,0.0,0.0,0.0,0.0,0.0,0.0458545622973599,0.648
372,TMPV,244,0.0035726149942369497,0.007357994442913875,0.01579591757980574,0.020362345889094993,0.04466642011834301,0.006460999653229398,0.0,0.0,0.0,0.0,0.0,0.0,0.0,0.0,0.0,0.0664928292046935,0.6495
373,SIGNATURE,244,0.00367409286878305,0.00732145500316615,0.013952947359804933,0.021509047069960544,0.033022374273610836,0.006106199880758064,0.0,0.0,0.0,0.0,0.0,0.0,0.0,0.0,0.0,0.0657397107897663,0.6505000000000001
374,GMRAIRPORT,245,0.0038305543037402,0.0066554180727409,0.012968862864944716,0.022797681402332667,0.0357888405688001,0.005859340385921504,0.0,0.0,0.0,0.0,0.0,0.0,0.0,0.0,0.0,0.0401891252955084,0.6535
375,ONESOURCE,245,0.0043644298963447,0.0081805359661494,0.0130022374016864,0.019193411346696006,0.037910717086513196,0.006261260237460962,0.0,0.0,0.0,0.0,0.0,0.0,0.0,0.0,0.0,0.0436755530346,0.6535
376,IOC,245,0.0034997500178559,0.0064958762134152,0.014503556272541358,0.022617563248766067,0.040048574392187564,0.006066038740263849,0.0,0.0,0.0,0.0,0.0,0.0,0.0,0.0,0.0,0.0616184112843356,0.6545
377,ASHOKLEY,245,0.003534183082271,0.0073014453881685,0.01404955839178854,0.02342122849542036,0.0431884721275276,0.006373224137251819,0.0,0.0,0.0,0.0,0.0,0.0,0.0,0.0,0.0,0.082906991997901,0.6555
378,OFSS,245,0.0039301310043668,0.0074987159732922,0.01460374776068104,0.019198460612511573,0.04364454810399661,0.006265730700133033,0.0,0.0,0.0,0.0,0.0,0.0,0.0,0.0,0.0,0.0698924731182795,0.6575
379,PREMIERENE,245,0.0044673074319749,0.0082074852265265,0.01356476897967612,0.018142728502914898,0.03616837446893688,0.006680795831242987,0.0,0.0,0.0,0.0,0.0,0.0,0.0,0.0,0.0,0.1048892870856263,0.6575
380,MANAPPURAM,245,0.0038069133546521,0.008350374914792,0.01495554798079988,0.01966136782233229,0.03147244514533796,0.006405271121642542,0.0,0.0,0.0,0.0,0.0,0.0,0.0,0.0,0.0,0.0386219401631912,0.659
381,HDFCBANK,245,0.0050251256281406,0.0081950207468879,0.013719668633750159,0.017504801797388257,0.0381765706418046,0.006851147117905516,0.0,0.0,0.0,0.0,0.0,0.0,0.0,0.0,0.0,0.0855106888361044,0.662
382,ADANIGREEN,245,0.0038691523039042,0.0067567567567567,0.013665667057817818,0.020970022703036186,0.03820195452018132,0.006179016891672019,0.0,0.0,0.0,0.0,0.0,0.0,0.0,0.0,0.0,0.0934911242603551,0.6639999999999999
383,M&MFIN,245,0.0043422322290125,0.0076286527023532,0.014031615559722837,0.018218273759607544,0.03891776644209104,0.006282540833552825,0.0,0.0,0.0,0.0,0.0,0.0,0.0,0.0,0.0,0.0544839255499154,0.6639999999999999
384,CGCL,245,0.0043243243243242,0.00847936687394,0.013994043524763978,0.018312715521236218,0.026091450098538978,0.006036423499320428,0.0,0.0,0.0,0.0,0.0,0.0,0.0,0.0,0.0,0.0561718196837386,0.6645
385,KALYANKJIL,245,0.003430984428609,0.0062774013551214,0.014828830239685599,0.024342628890285187,0.0515051978145086,0.006317631903909508,0.0,0.0,0.0,0.0,0.0,0.0,0.0,0.0,0.0,0.064388961892247,0.6655
386,SPLPETRO,230,0.0054872223009200995,0.0093636298664171,0.01371341772981118,0.017420097453588582,0.03642535730651543,0.007165947648706511,0.0,0.0,0.0,0.0,0.0,0.0,0.0,0.0,0.0,0.1005836575875486,0.666
387,BLS,245,0.0037827715355804,0.0078597339782346,0.013944085888219755,0.021761841522797542,0.053428391478530735,0.0071894484883652,0.0,0.0,0.0,0.0,0.0,0.0,0.0,0.0,0.0,0.1703166617342407,0.6665000000000001
388,MAPMYINDIA,245,0.0041649061387094,0.0077153204219808,0.013115967418929134,0.020700327082766833,0.035890808923922136,0.005981334672586143,0.0,0.0,0.0,0.0,0.0,0.0,0.0,0.0,0.0,0.0528052805280527,0.6665000000000001
389,BSE,245,0.004083299305839,0.0072471755304491,0.01371033814083144,0.020008059856320565,0.0471390922669655,0.006610610141585554,0.0,0.0,0.0,0.0,0.0,0.0,0.0,0.0,0.0,0.0707364661529812,0.667
390,ZFCVINDIA,241,0.0041946146560223,0.0088179718664707,0.0133709494764866,0.0198154816440456,0.04071342216377458,0.006363137198736895,0.0,0.0,0.0,0.0,0.0,0.0,0.0,0.0,0.0,0.0481429588625768,0.6679999999999999
391,BELRISE,245,0.0044939985209624,0.0083625573239816,0.012791229445774438,0.019986626863554333,0.03719890907040276,0.006285585749960075,0.0,0.0,0.0,0.0,0.0,0.0,0.0,0.0,0.0,0.0481720684955857,0.6679999999999999
392,MOTHERSON,245,0.0034169514126178,0.007568159022522,0.015551800354469878,0.023917931189731182,0.045942748272967925,0.00654167816373997,0.0,0.0,0.0,0.0,0.0,0.0,0.0,0.0,0.0,0.0816540172729651,0.669
393,HBLENGINE,245,0.0033845971141857,0.0068823567247701,0.016145101127843127,0.024170602516445573,0.05634239572441045,0.006888023507398818,0.0,0.0,0.0,0.0,0.0,0.0,0.0,0.0,0.0,0.1087141640647175,0.6705
394,SAPPHIRE,245,0.0042995342171263,0.0084255319148935,0.01353761322849412,0.019303386212376258,0.03613878855574343,0.006288977118816254,0.0,0.0,0.0,0.0,0.0,0.0,0.0,0.0,0.0,0.0510732323232323,0.672
395,KPRMILL,245,0.0042656587473002,0.0082493125572868,0.013185610055238451,0.020227680540298252,0.03448228592125125,0.006884098535156054,0.0,0.0,0.0,0.0,0.0,0.0,0.0,0.0,0.0,0.1972125435540068,0.6735
396,BRIGADE,245,0.0045473336089292,0.0086956521739129,0.013818871141225016,0.01851936770361417,0.032558509657086135,0.006361494237888733,0.0,0.0,0.0,0.0,0.0,0.0,0.0,0.0,0.0,0.0562595488451513,0.6769999999999999
397,WELCORP,245,0.0045446391197752,0.0095921557481881,0.0149661647101717,0.01764563871121358,0.051651556957035924,0.007042759689988728,0.0,0.0,0.0,0.0,0.0,0.0,0.0,0.0,0.0,0.0825742869941765,0.6779999999999999
398,APARINDS,245,0.0043668122270742,0.0087227414330217,0.01414152151329926,0.01854697202549886,0.04628060577887353,0.00700828199136259,0.0,0.0,0.0,0.0,0.0,0.0,0.0,0.0,0.0,0.1537851037851036,0.678
399,REDINGTON,245,0.0041904761904763,0.0080645161290322,0.012918332415059719,0.02195002747572977,0.04900660258787874,0.006605551547387742,0.0,0.0,0.0,0.0,0.0,0.0,0.0,0.0,0.0,0.0648340248962655,0.6785
400,FSL,245,0.0042182609878895,0.0081087004163926,0.013119684094020256,0.02112457528400636,0.03956066157164809,0.006336973823869213,0.0,0.0,0.0,0.0,0.0,0.0,0.0,0.0,0.0,0.0523105794041754,0.6795
401,DCMSHRIRAM,243,0.004255319148936,0.00906061742198215,0.014421726544727172,0.018977957127769788,0.033594470046082826,0.006538397448596782,0.0,0.0,0.0,0.0,0.0,0.0,0.0,0.0,0.0,0.0677142857142856,0.682
402,NEWGEN,245,0.0040816326530612,0.0079635949943117,0.013864738949296579,0.020655706727135213,0.04233787556905889,0.0065338616764979585,0.0,0.0,0.0,0.0,0.0,0.0,0.0,0.0,0.0,0.0660631050555755,0.683
403,ACMESOLAR,245,0.0046204620462044,0.0088466579292267,0.01373359918398224,0.018793837209194558,0.0343177985194721,0.00673033751958454,0.0,0.0,0.0,0.0,0.0,0.0,0.0,0.0,0.0,0.0721123165283983,0.6849999999999999
404,CANHLIFE,212,0.00459320992269765,0.0088503163353084,0.014217182423734742,0.018327415562361664,0.0548184115569848,0.007593892881224692,0.0,0.0,0.0,0.0,0.0,0.0,0.0,0.0,0.0,0.1719379382366106,0.6880000000000001
405,SBFC,245,0.0039503386004515,0.0079751424132572,0.01507521434217516,0.020017255682760794,0.0419584618548222,0.0062368340613918475,0.0,0.0,0.0,0.0,0.0,0.0,0.0,0.0,0.0,0.0532544378698225,0.68825
406,ABFRL,245,0.0038617138653918,0.0077319587628865,0.01494266961925738,0.020820165801788897,0.03812239222413354,0.006665393781546547,0.0,0.0,0.0,0.0,0.0,0.0,0.0,0.0,0.0,0.0921875,0.6890000000000001
407,HCLTECH,245,0.0044012854547996,0.0077586206896551,0.01420197756025074,0.019052294105235953,0.042455032208486176,0.00662123458467964,0.0,0.0,0.0,0.0,0.0,0.0,0.0,0.0,0.0,0.0653231410701876,0.692
408,JMFINANCIL,245,0.0045107564191533,0.0075757575757575,0.01355654929057034,0.019780042164275754,0.035273007646558996,0.006410381692548501,0.0,0.0,0.0,0.0,0.0,0.0,0.0,0.0,0.0,0.0442660550458715,0.696
409,ANTHEM,245,0.004574352612808,0.0080645161290322,0.01287931427254346,0.021493503815219576,0.04041992532278487,0.006388147643622294,0.0,0.0,0.0,0.0,0.0,0.0,0.0,0.0,0.0,0.070920472328923,0.6975
410,JPPOWER,245,0.0034506556245685,0.0084985835694051,0.01580137481910274,0.0339576315592482,0.05580099828164621,0.007372699600924479,0.0,0.0,0.0,0.0,0.0,0.0,0.0,0.0,0.0,0.0675381263616559,0.7025
411,TECHNOE,245,0.004125412541254,0.0085988872028326,0.01405923433361468,0.02159482444908318,0.05848259716963843,0.007273093758131779,0.0,0.0,0.0,0.0,0.0,0.0,0.0,0.0,0.0,0.1085714285714286,0.7070000000000001
412,PRESTIGE,245,0.0042438732815301,0.0079883805374001,0.01437244063597846,0.020443307757885682,0.04164073009973423,0.006539474267628862,0.0,0.0,0.0,0.0,0.0,0.0,0.0,0.0,0.0,0.0664479081214111,0.7085
413,HOMEFIRST,245,0.0043256997455469,0.0078947368421051,0.014251881854270999,0.020169589402791132,0.04911441669771288,0.006529366867984936,0.0,0.0,0.0,0.0,0.0,0.0,0.0,0.0,0.0,0.0585007522789626,0.712
414,ICICIAMC,170,0.0038545671767947,0.00805775989855755,0.01498770053475939,0.022915234942718122,0.03484406798726823,0.006535640513308887,0.0,0.0,0.0,0.0,0.0,0.0,0.0,0.0,0.0,0.0405573770491802,0.713
415,TRAVELFOOD,241,0.0044102467861499,0.0087935822277075,0.0148902821316614,0.0194419441944193,0.03144139092179555,0.006384185020945413,0.0,0.0,0.0,0.0,0.0,0.0,0.0,0.0,0.0,0.0504838709677418,0.715
416,IDBI,245,0.0042440318302388,0.0075043630017452,0.013338541409027752,0.02370794496646605,0.04022054647902572,0.0066516769434158554,0.0,0.0,0.0,0.0,0.0,0.0,0.0,0.0,0.0,0.1093275488069414,0.7185
417,PGEL,245,0.0036843997124371,0.0078473164115482,0.01538927789699658,0.0270916932888595,0.04043844017681019,0.006800775442938102,0.0,0.0,0.0,0.0,0.0,0.0,0.0,0.0,0.0,0.0726320582877961,0.7195
418,MOTILALOFS,245,0.0039473684210526,0.0068844221105528,0.015049231867911775,0.022532801823538597,0.045751167748937435,0.00642713369557703,0.0,0.0,0.0,0.0,0.0,0.0,0.0,0.0,0.0,0.0685187658608252,0.72
419,SHRIRAMFIN,245,0.0042328042328043,0.0084070796460177,0.015458879932437978,0.02020369984804235,0.04873432797592361,0.0069234785899700505,0.0,0.0,0.0,0.0,0.0,0.0,0.0,0.0,0.0,0.0526367863856733,0.72
420,RVNL,245,0.0041250056046271,0.0079968012794882,0.015252496413822538,0.021202860222969994,0.038289668200920425,0.006555539255251676,0.0,0.0,0.0,0.0,0.0,0.0,0.0,0.0,0.0,0.0615482233502537,0.7204999999999999
421,ANANTRAJ,245,0.0037631214101802,0.0074115249212525,0.01626172764599766,0.023889780741190667,0.04206631380451363,0.006629592283265031,0.0,0.0,0.0,0.0,0.0,0.0,0.0,0.0,0.0,0.0611353711790392,0.7205
422,TTML,245,0.0037836634765191,0.0094558429973239,0.016434114739864957,0.02335391986637064,0.04246892230576436,0.006932728071635389,0.0,0.0,0.0,0.0,0.0,0.0,0.0,0.0,0.0,0.0593342981186686,0.7215
423,RRKABEL,245,0.004594180704441,0.0089074570392559,0.014388087038108578,0.01976673767787029,0.036518668608870694,0.006828484298727453,0.0,0.0,0.0,0.0,0.0,0.0,0.0,0.0,0.0,0.0696227148969272,0.7225
424,GMDCLTD,245,0.0043277122817488,0.0074415308291992,0.014321541675089209,0.02070822130809108,0.03501225478026716,0.0062173687298674885,0.0,0.0,0.0,0.0,0.0,0.0,0.0,0.0,0.0,0.0404179981000085,0.723
425,AFCONS,245,0.0041131105398457,0.0075757575757575,0.014747634923040218,0.022107483899622356,0.049095371977496624,0.006864690999010871,0.0,0.0,0.0,0.0,0.0,0.0,0.0,0.0,0.0,0.0758504443763408,0.7235
426,ECLERX,245,0.0046635576282478,0.0080699394754539,0.012975301304560238,0.022783081088199042,0.03620032560032558,0.006588620753294002,0.0,0.0,0.0,0.0,0.0,0.0,0.0,0.0,0.0,0.0482250502344272,0.7245
427,IGIL,245,0.0044908011009705,0.0081346423562411,0.014681637915157336,0.019920035033627305,0.03679184436843675,0.0066848167148109705,0.0,0.0,0.0,0.0,0.0,0.0,0.0,0.0,0.0,0.0991735537190081,0.725
428,SCI,245,0.0044843049327354,0.0075258701787394,0.014614080750209917,0.02030834342827134,0.044397899592705105,0.006849280116031771,0.0,0.0,0.0,0.0,0.0,0.0,0.0,0.0,0.0,0.1241534988713317,0.7295
429,COHANCE,245,0.0041753653444676,0.0084269662921347,0.013819544849795475,0.02416182117100785,0.06074268200832328,0.007398703314355662,0.0,0.0,0.0,0.0,0.0,0.0,0.0,0.0,0.0,0.0894886363636363,0.731
430,ATHERENERG,245,0.0041732743510558,0.00762278978389,0.015515340789387159,0.021433794943141495,0.04421292922918804,0.006672717171902844,0.0,0.0,0.0,0.0,0.0,0.0,0.0,0.0,0.0,0.0721311475409836,0.732
431,GODIGIT,245,0.0046874999999999,0.009375,0.01530657994231748,0.01928357086503571,0.0402628312658477,0.006783681107433111,0.0,0.0,0.0,0.0,0.0,0.0,0.0,0.0,0.0,0.0672730718211105,0.7325
432,BSOFT,245,0.004665629860031,0.0084033613445377,0.013359885210068098,0.022173403658399544,0.03977521706891189,0.006499159957860968,0.0,0.0,0.0,0.0,0.0,0.0,0.0,0.0,0.0,0.0613207547169811,0.7355
433,NCC,245,0.0043424317617865,0.0071278825995808,0.01336754589265342,0.024934427890949434,0.04350326316520228,0.006564133103427189,0.0,0.0,0.0,0.0,0.0,0.0,0.0,0.0,0.0,0.0871471272002657,0.742
434,SYRMA,245,0.0044569993722536,0.0089435866075524,0.013221295261030218,0.02529412734240548,0.04916356593119495,0.007190946408812279,0.0,0.0,0.0,0.0,0.0,0.0,0.0,0.0,0.0,0.0960670535138621,0.7445
435,GPIL,245,0.0039215686274509,0.0076923076923076,0.015460888336514815,0.025369274073542752,0.03581738619293312,0.00686483928449961,0.0,0.0,0.0,0.0,0.0,0.0,0.0,0.0,0.0,0.0941619585687382,0.74525
436,M&M,245,0.0038547486033519,0.0075333152026106,0.016620177269062338,0.024378205846497074,0.03766781450096259,0.006671227690284481,0.0,0.0,0.0,0.0,0.0,0.0,0.0,0.0,0.0,0.0720364741641337,0.746
437,LODHA,245,0.0049318247751667,0.0089571862930397,0.01565956910366092,0.019617679297889278,0.044466843381477994,0.0069862893579878725,0.0,0.0,0.0,0.0,0.0,0.0,0.0,0.0,0.0,0.0519860627177699,0.748
438,EMCURE,245,0.0046933667083854,0.0087976539589442,0.01447617328519852,0.020755498836423664,0.04281107153447929,0.007186777204580067,0.0,0.0,0.0,0.0,0.0,0.0,0.0,0.0,0.0,0.0804054054054054,0.7484999999999999
439,JWL,245,0.004107713372889,0.0078848807411787,0.014879253100258219,0.024949670253384286,0.04163518410618601,0.006799438926271554,0.0,0.0,0.0,0.0,0.0,0.0,0.0,0.0,0.0,0.0647212869435092,0.7515000000000001
440,PERSISTENT,245,0.0039370078740157,0.0090270812437311,0.017743617302826697,0.023709082333456765,0.0469681642589163,0.0071052847005965945,0.0,0.0,0.0,0.0,0.0,0.0,0.0,0.0,0.0,0.0714948932219127,0.75225
441,ZENTEC,245,0.0044886363636363,0.0084257206208426,0.013880647911338476,0.023359879443682775,0.05339449397416339,0.007470375415349348,0.0,0.0,0.0,0.0,0.0,0.0,0.0,0.0,0.0,0.1127316198445904,0.753
442,VEDL,244,0.005153096237532399,0.010788235962885251,0.015922652756644597,0.019573050053233433,0.03887321803888095,0.007555154468909862,0.0,0.0,0.0,0.0,0.0,0.0,0.0,0.0,0.0,0.0661767595394349,0.754
443,BPCL,245,0.0039525691699604,0.0092050209205021,0.01777105819651062,0.02360100089667865,0.04249167001441499,0.007307364195029475,0.0,0.0,0.0,0.0,0.0,0.0,0.0,0.0,0.0,0.0576576576576577,0.7545
444,WELSPUNLIV,245,0.003784075990424,0.0077809798270891,0.018564468247984797,0.027827792740761668,0.04805272834692179,0.007490641460669491,0.0,0.0,0.0,0.0,0.0,0.0,0.0,0.0,0.0,0.1886731391585761,0.7565
445,SOBHA,245,0.0049346879535558,0.0080532755149449,0.014080020150297138,0.02175370451410626,0.04107989639730389,0.006900669384865525,0.0,0.0,0.0,0.0,0.0,0.0,0.0,0.0,0.0,0.0586254295532646,0.7575000000000001
446,RPOWER,245,0.0049627791563275,0.0097656249999997,0.0162889183759738,0.02002463061732772,0.0567914130749802,0.007902212290611785,0.0,0.0,0.0,0.0,0.0,0.0,0.0,0.0,0.0,0.0968477810037329,0.7655
447,GABRIEL,245,0.0053333333333334,0.0101044817156998,0.015363378015123939,0.020544346713416227,0.04039487433081659,0.007300873265330906,0.0,0.0,0.0,0.0,0.0,0.0,0.0,0.0,0.0,0.0560705289672543,0.7685
448,CEATLTD,245,0.0039959016393442,0.0084745762711864,0.01629789446632522,0.027372053218178788,0.055795350000215495,0.007433964128442526,0.0,0.0,0.0,0.0,0.0,0.0,0.0,0.0,0.0,0.1109849882232753,0.7705
449,NUVAMA,245,0.0045561231533893,0.0083094213295072,0.015235172473716176,0.02243484246317263,0.04109292607308234,0.0068031301517052405,0.0,0.0,0.0,0.0,0.0,0.0,0.0,0.0,0.0,0.0522213561964146,0.771
450,HONASA,245,0.0045889101338432,0.0088888888888889,0.015260851306270518,0.022135741095671513,0.052211712543402185,0.007276907825216925,0.0,0.0,0.0,0.0,0.0,0.0,0.0,0.0,0.0,0.0644180259883882,0.771
451,KIRLOSENG,245,0.0042837739003239,0.0082898897530125,0.01639248724254012,0.023248744524996232,0.06091040183488312,0.007510851707454949,0.0,0.0,0.0,0.0,0.0,0.0,0.0,0.0,0.0,0.1,0.7735
452,IIFL,245,0.0043763676148795,0.008922670191672,0.01571559914189388,0.023287945534641474,0.04078388325780459,0.006863602423348753,0.0,0.0,0.0,0.0,0.0,0.0,0.0,0.0,0.0,0.0606570243300819,0.7765
453,JKTYRE,245,0.0042643923240937,0.0078114995517992,0.01476700810783748,0.028551902534913024,0.054314110583651654,0.007436917669111184,0.0,0.0,0.0,0.0,0.0,0.0,0.0,0.0,0.0,0.1137748476675656,0.7785
454,RAILTEL,245,0.0043057050592034,0.0077519379844961,0.014856651186392,0.026352640990094805,0.05221264067678232,0.007028130296339876,0.0,0.0,0.0,0.0,0.0,0.0,0.0,0.0,0.0,0.0571838165020707,0.7805
455,BAJFINANCE,245,0.0044400592007893,0.0083857442348008,0.016805879615011298,0.022393697799026415,0.03794231631767275,0.006986562818355052,0.0,0.0,0.0,0.0,0.0,0.0,0.0,0.0,0.0,0.0572687224669603,0.781
456,JAINREC,223,0.0056548001542218,0.0100593223460463,0.015659464913196308,0.021348349250521852,0.0472729225457359,0.007910147482922576,0.0,0.0,0.0,0.0,0.0,0.0,0.0,0.0,0.0,0.086206896551724,0.7855000000000001
457,TBOTEK,245,0.0045992115637318,0.0096992419920124,0.016205054715997876,0.02259081516784809,0.04215969956288858,0.007734577526683872,0.0,0.0,0.0,0.0,0.0,0.0,0.0,0.0,0.0,0.1333091173265528,0.7875
458,THELEELA,244,0.005440390876431349,0.011053639846743275,0.01713229835363978,0.020733424648206152,0.03466147398650894,0.007676563217168268,0.0,0.0,0.0,0.0,0.0,0.0,0.0,0.0,0.0,0.0531263664188892,0.7905
459,URBANCO,233,0.0041876762669856,0.0086193508308742,0.017916208915061908,0.02558633491806251,0.04567812045510898,0.007234888908119831,0.0,0.0,0.0,0.0,0.0,0.0,0.0,0.0,0.0,0.0650663297536323,0.7909999999999999
460,PINELABS,195,0.0051551453260015,0.009989165145820801,0.01600793532249346,0.021871903737553672,0.04075303349754679,0.007836215733053193,0.0,0.0,0.0,0.0,0.0,0.0,0.0,0.0,0.0,0.0549473684210526,0.7919999999999999
461,MUTHOOTFIN,245,0.0041912204960137,0.0085718053540815,0.01916198553576696,0.025050322511759312,0.047745658145164134,0.007570792384613461,0.0,0.0,0.0,0.0,0.0,0.0,0.0,0.0,0.0,0.0807096052421287,0.7955
462,ETERNAL,245,0.0052267745742707,0.0090356753388378,0.01652060470989138,0.02185331007451448,0.04591919908303952,0.00735968338284944,0.0,0.0,0.0,0.0,0.0,0.0,0.0,0.0,0.0,0.073972602739726,0.7995
463,INDIGO,245,0.0041501976284585,0.0097237569060772,0.0211009066950516,0.026593931185268337,0.054088130681370895,0.008010419965283035,0.0,0.0,0.0,0.0,0.0,0.0,0.0,0.0,0.0,0.0775357226516748,0.8025
464,AEGISVOPAK,245,0.0062434963579603,0.010257889099448,0.01731388398441158,0.02139539502015972,0.040686531757162775,0.008231509109000555,0.0,0.0,0.0,0.0,0.0,0.0,0.0,0.0,0.0,0.0739080459770116,0.804
465,CEMPRO,245,0.0046015984499878,0.0103790899310169,0.0161299759034664,0.024808531038358974,0.049381392625974734,0.007931328945103502,0.0,0.0,0.0,0.0,0.0,0.0,0.0,0.0,0.0,0.0861726396349988,0.806
466,IDEA,245,0.0045924225028701,0.0079435127978817,0.015564237834820818,0.026196621760392454,0.0495135551103582,0.00736258613027721,0.0,0.0,0.0,0.0,0.0,0.0,0.0,0.0,0.0,0.0805500982318272,0.8069999999999999
467,HEXT,245,0.0058201058201057,0.0105454545454544,0.016580674091486457,0.022345020434501945,0.0447908766530589,0.008113704229941995,0.0,0.0,0.0,0.0,0.0,0.0,0.0,0.0,0.0,0.0706436420722135,0.809
468,LENSKART,199,0.0054358767867928,0.009367305915967399,0.016214275404157104,0.02326272181784439,0.03950376104285942,0.007977318491687365,0.0,0.0,0.0,0.0,0.0,0.0,0.0,0.0,0.0,0.0911205073995771,0.8099999999999999
469,FORCEMOT,245,0.0043859649122806,0.0093560814529444,0.01824625870499319,0.025092579980203495,0.04877866366339522,0.007509339905197731,0.0,0.0,0.0,0.0,0.0,0.0,0.0,0.0,0.0,0.0542635658914729,0.81
470,BLUEJET,245,0.0048549170147904,0.010447422212128,0.01568384710752938,0.024854258831232427,0.048835347320038545,0.0076143637731282115,0.0,0.0,0.0,0.0,0.0,0.0,0.0,0.0,0.0,0.0763906367983892,0.8105
471,MPHASIS,245,0.0049875311720697,0.0096322941646682,0.016384655132024438,0.023821879374532666,0.03667788394627565,0.007672261613375089,0.0,0.0,0.0,0.0,0.0,0.0,0.0,0.0,0.0,0.0755603759942153,0.8125
472,AIIL,245,0.0046698872785828,0.0097244732576986,0.01703938825566296,0.02410336069805246,0.04982138421929424,0.0076938251338824195,0.0,0.0,0.0,0.0,0.0,0.0,0.0,0.0,0.0,0.0751479289940828,0.8130000000000001
473,TENNIND,192,0.006255974756876699,0.0108857433992748,0.01628333240651513,0.02324523566553719,0.04380115639710958,0.008144695129253497,0.0,0.0,0.0,0.0,0.0,0.0,0.0,0.0,0.0,0.0505836575875486,0.816
474,MCX,245,0.0047834518422753,0.0081447963800904,0.016890848149227616,0.024361011189074376,0.04356839422076748,0.007083376415413438,0.0,0.0,0.0,0.0,0.0,0.0,0.0,0.0,0.0,0.0854870775347912,0.8185
475,KAYNES,245,0.0050568900126422,0.0082063305978898,0.01733490352748078,0.023773544794102076,0.06249242078907699,0.007756645754345386,0.0,0.0,0.0,0.0,0.0,0.0,0.0,0.0,0.0,0.1011950286806883,0.8195
476,KEC,245,0.004320987654321,0.0081967213114754,0.018965570893372478,0.03102258449538026,0.04638976422451796,0.007677915643368352,0.0,0.0,0.0,0.0,0.0,0.0,0.0,0.0,0.0,0.0725578769057031,0.822
477,PIRAMALFIN,200,0.00517831660646245,0.00992599348774275,0.0186214181966768,0.023291504817636092,0.03786938589145039,0.007659426164407523,0.0,0.0,0.0,0.0,0.0,0.0,0.0,0.0,0.0,0.0499776314948552,0.8235
478,IFCI,245,0.0046711509715993,0.0083630168809045,0.018954498935403734,0.02463394886844033,0.0535418680256568,0.007739911154838315,0.0,0.0,0.0,0.0,0.0,0.0,0.0,0.0,0.0,0.0742898761835397,0.8270000000000001
479,HINDALCO,245,0.0060752169720346,0.0103527208407032,0.0166875315811923,0.023836687154444116,0.04384103211329781,0.007929218497475401,0.0,0.0,0.0,0.0,0.0,0.0,0.0,0.0,0.0,0.0612579389469369,0.8270000000000001
480,HINDPETRO,245,0.0044219835754897,0.0097911227154046,0.020100358572272933,0.029358145539190205,0.04629616829607205,0.00802007387456147,0.0,0.0,0.0,0.0,0.0,0.0,0.0,0.0,0.0,0.0738662217503414,0.83
481,GVT&D,245,0.0045774647887324,0.0090949325071918,0.01808434622741918,0.03026572843097226,0.05106242627333937,0.00801447677911812,0.0,0.0,0.0,0.0,0.0,0.0,0.0,0.0,0.0,0.069439669989687,0.832
482,TARIL,245,0.0046241050119331,0.0088111888111888,0.0179790104010319,0.02895603292511532,0.06663643755558377,0.008992500651776859,0.0,0.0,0.0,0.0,0.0,0.0,0.0,0.0,0.0,0.2090060544904136,0.8340000000000001
483,GROWW,197,0.0046557216368536,0.0094722598105549,0.01788760650987256,0.029663891686528412,0.05490069570034377,0.008095988919801733,0.0,0.0,0.0,0.0,0.0,0.0,0.0,0.0,0.0,0.0726352345635409,0.8345
484,NETWEB,245,0.0048188976377953,0.0096463022508037,0.019092053766275336,0.02551877998838655,0.04306482569033768,0.0081196671416996,0.0,0.0,0.0,0.0,0.0,0.0,0.0,0.0,0.0,0.0983155214778412,0.8365
485,OLAELEC,245,0.0051764705882353,0.0099763273588097,0.0177882091253926,0.02559447572228181,0.04877760986018263,0.007913297175442093,0.0,0.0,0.0,0.0,0.0,0.0,0.0,0.0,0.0,0.0605658709106984,0.8374999999999999
486,GALLANTT,244,0.00622506904114245,0.0104974723342791,0.01859338578165969,0.024297612239062145,0.04248419643030969,0.008300610082211946,0.0,0.0,0.0,0.0,0.0,0.0,0.0,0.0,0.0,0.0512820512820513,0.841
487,TEJASNET,245,0.0047244094488188,0.008194998949359,0.01839156786396286,0.032203334889383324,0.055808467520599155,0.007946966523344062,0.0,0.0,0.0,0.0,0.0,0.0,0.0,0.0,0.0,0.0648051948051948,0.843
488,CPPLUS,245,0.0051100628930818,0.0090455396132251,0.017008664814505196,0.032633947606253155,0.06049983682019413,0.008483135483353759,0.0,0.0,0.0,0.0,0.0,0.0,0.0,0.0,0.0,0.101897533206831,0.8434999999999999
489,PWL,193,0.0050777202072538,0.0110436893203882,0.019855496279125327,0.026271888808190914,0.04055617950512915,0.008113742347332037,0.0,0.0,0.0,0.0,0.0,0.0,0.0,0.0,0.0,0.0518785622891705,0.8454999999999999
490,INFY,245,0.0053058676654182,0.0115646258503401,0.01851210684342456,0.02637323702310259,0.054075895997088896,0.008591287494587086,0.0,0.0,0.0,0.0,0.0,0.0,0.0,0.0,0.0,0.065101156069364,0.8465
491,COFORGE,245,0.0051963048498844,0.0095765472312703,0.01880426461079524,0.026685951070878195,0.04941208033113586,0.008181714650484723,0.0,0.0,0.0,0.0,0.0,0.0,0.0,0.0,0.0,0.0797945205479453,0.848
492,HFCL,245,0.0047459519821329,0.0104342921601803,0.02201928206834074,0.031506468633231415,0.05234820093639367,0.008669646925197661,0.0,0.0,0.0,0.0,0.0,0.0,0.0,0.0,0.0,0.072199730094467,0.8520000000000001
493,TMCV,197,0.0052985267510985,0.0104664685359865,0.01988442343052271,0.028806259871832274,0.05208147845566628,0.00861625367414987,0.0,0.0,0.0,0.0,0.0,0.0,0.0,0.0,0.0,0.0572489033854459,0.8545
494,MEESHO,177,0.004870920603994,0.0099528548978523,0.02082314010711258,0.03375614271119205,0.05120946023784013,0.00855149589967217,0.0,0.0,0.0,0.0,0.0,0.0,0.0,0.0,0.0,0.0728247162673391,0.855
495,NATIONALUM,245,0.0056980056980056,0.0115684691955879,0.020155466592707876,0.02622059023527809,0.04589865464262087,0.008652341050185097,0.0,0.0,0.0,0.0,0.0,0.0,0.0,0.0,0.0,0.0783289817232375,0.855
496,EMMVEE,193,0.0058403634003894,0.0117369633956803,0.020314037796498347,0.026073438963396308,0.051242688806283854,0.009279188986773575,0.0,0.0,0.0,0.0,0.0,0.0,0.0,0.0,0.0,0.0722989439480097,0.8554999999999999
497,SCHNEIDER,245,0.005641748942172,0.0115350488021295,0.0200634924223145,0.03270996217326409,0.05027073831935012,0.009184850652642042,0.0,0.0,0.0,0.0,0.0,0.0,0.0,0.0,0.0,0.1103488541818712,0.863
498,HINDZINC,245,0.0065060664673818,0.014338385907415,0.02569300200916692,0.030972431819496066,0.04925814618941727,0.010414152921892255,0.0,0.0,0.0,0.0,0.0,0.0,0.0,0.0,0.0,0.0814696485623003,0.8705
499,PFOCUS,245,0.0061329890251775,0.0107142857142856,0.0222331778962045,0.03608984129516662,0.05557044224668777,0.01014918687677374,0.0,0.0,0.0,0.0,0.0,0.0,0.0,0.0,0.0,0.1,0.8714999999999999
500,HINDCOPPER,245,0.0062804068996018,0.0140404040404039,0.025533400467602833,0.03446715230001339,0.05127206903392175,0.010875074909475785,0.0,0.0,0.0,0.0,0.0,0.0,0.0,0.0,0.0,0.1444619422572177,0.8734999999999999
